-- phpMyAdmin SQL Dump
-- version 5.0.2
-- https://www.phpmyadmin.net/
--
-- Host: 127.0.0.1
-- Waktu pembuatan: 29 Apr 2022 pada 19.27
-- Versi server: 10.4.13-MariaDB
-- Versi PHP: 7.3.20

SET SQL_MODE = "NO_AUTO_VALUE_ON_ZERO";
START TRANSACTION;
SET time_zone = "+00:00";


/*!40101 SET @OLD_CHARACTER_SET_CLIENT=@@CHARACTER_SET_CLIENT */;
/*!40101 SET @OLD_CHARACTER_SET_RESULTS=@@CHARACTER_SET_RESULTS */;
/*!40101 SET @OLD_COLLATION_CONNECTION=@@COLLATION_CONNECTION */;
/*!40101 SET NAMES utf8mb4 */;

--
-- Database: `sistem_pakar`
--

-- --------------------------------------------------------

--
-- Struktur dari tabel `tbl_admin`
--

CREATE TABLE `tbl_admin` (
  `id_admin` int(11) NOT NULL,
  `nama_admin` varchar(30) NOT NULL,
  `alamat_admin` varchar(200) NOT NULL,
  `no_admin` varchar(25) NOT NULL,
  `email_admin` varchar(25) NOT NULL,
  `foto_admin` varchar(200) NOT NULL,
  `username` varchar(50) NOT NULL,
  `password` varchar(50) NOT NULL
) ENGINE=InnoDB DEFAULT CHARSET=utf8mb4;

--
-- Dumping data untuk tabel `tbl_admin`
--

INSERT INTO `tbl_admin` (`id_admin`, `nama_admin`, `alamat_admin`, `no_admin`, `email_admin`, `foto_admin`, `username`, `password`) VALUES
(1, 'Indah ', 'Jember', '085816352664', 'indahqurrothul@gmail.com', 'item-210829-a8b66ec75a.png', 'indah', 'f3385c508ce54d577fd205a1b2ecdfb7');

-- --------------------------------------------------------

--
-- Struktur dari tabel `tbl_data_konsultasi`
--

CREATE TABLE `tbl_data_konsultasi` (
  `id_konsultasi` int(11) NOT NULL,
  `id_user` varchar(7) NOT NULL,
  `id_kuesioner` varchar(5) NOT NULL,
  `Nilai_CFpakar` varchar(10) NOT NULL,
  `Nilai_CFuser` varchar(10) NOT NULL,
  `tanggal_dibuat` timestamp NOT NULL DEFAULT current_timestamp() ON UPDATE current_timestamp()
) ENGINE=InnoDB DEFAULT CHARSET=utf8mb4;

--
-- Dumping data untuk tabel `tbl_data_konsultasi`
--

INSERT INTO `tbl_data_konsultasi` (`id_konsultasi`, `id_user`, `id_kuesioner`, `Nilai_CFpakar`, `Nilai_CFuser`, `tanggal_dibuat`) VALUES
(1, 'USR0001', 'QU011', '0.2', '0', '2022-03-24 17:31:31'),
(2, 'USR0001', 'QU012', '0.2', '1', '2022-03-24 17:31:31'),
(3, 'USR0001', 'QU013', '0.2', '0', '2022-03-24 17:31:31'),
(4, 'USR0001', 'QU014', '0.2', '0', '2022-03-24 17:31:31'),
(5, 'USR0001', 'QU015', '0.2', '0', '2022-03-24 17:31:31'),
(6, 'USR0001', 'QU016', '0.2', '0', '2022-03-24 17:31:31'),
(7, 'USR0001', 'QU017', '0.2', '0', '2022-03-24 17:31:31'),
(8, 'USR0001', 'QU018', '0.2', '0', '2022-03-24 17:31:31'),
(9, 'USR0001', 'QU019', '0.2', '0', '2022-03-24 17:31:31'),
(10, 'USR0001', 'QU020', '0.2', '0', '2022-03-24 17:31:31'),
(11, 'USR0001', 'QU082', '', '0', '2022-03-24 17:31:31'),
(12, 'USR0002', 'QU041', '0.2', '0', '2022-03-24 17:34:07'),
(13, 'USR0002', 'QU042', '0.2', '0', '2022-03-24 17:34:07'),
(14, 'USR0002', 'QU043', '0.2', '0', '2022-03-24 17:34:07'),
(15, 'USR0002', 'QU044', '0.2', '0', '2022-03-24 17:34:07'),
(16, 'USR0002', 'QU045', '0.2', '0', '2022-03-24 17:34:07'),
(17, 'USR0002', 'QU046', '0.2', '0', '2022-03-24 17:34:07'),
(18, 'USR0002', 'QU047', '0.2', '0', '2022-03-24 17:34:07'),
(19, 'USR0002', 'QU048', '0.2', '0', '2022-03-24 17:34:07'),
(20, 'USR0002', 'QU049', '0.2', '0', '2022-03-24 17:34:07'),
(21, 'USR0002', 'QU050', '0.2', '0', '2022-03-24 17:34:07'),
(22, 'USR0003', 'QU031', '0.2', '0', '2022-03-24 17:36:32'),
(23, 'USR0003', 'QU032', '0.2', '1', '2022-03-24 17:36:32'),
(24, 'USR0003', 'QU033', '0.2', '0', '2022-03-24 17:36:32'),
(25, 'USR0003', 'QU034', '0.2', '0', '2022-03-24 17:36:32'),
(26, 'USR0003', 'QU035', '0.2', '0', '2022-03-24 17:36:32'),
(27, 'USR0003', 'QU036', '0.2', '0', '2022-03-24 17:36:32'),
(28, 'USR0003', 'QU037', '0.2', '0', '2022-03-24 17:36:32'),
(29, 'USR0003', 'QU038', '0.2', '0', '2022-03-24 17:36:32'),
(30, 'USR0003', 'QU039', '0.2', '0', '2022-03-24 17:36:32'),
(31, 'USR0003', 'QU040', '0.2', '0', '2022-03-24 17:36:32'),
(32, 'USR0004', 'QU011', '0.2', '0', '2022-03-24 17:39:11'),
(33, 'USR0004', 'QU012', '0.2', '0', '2022-03-24 17:39:11'),
(34, 'USR0004', 'QU013', '0.2', '0', '2022-03-24 17:39:11'),
(35, 'USR0004', 'QU014', '0.2', '0', '2022-03-24 17:39:11'),
(36, 'USR0004', 'QU015', '0.2', '0', '2022-03-24 17:39:11'),
(37, 'USR0004', 'QU016', '0.2', '1', '2022-03-24 17:39:11'),
(38, 'USR0004', 'QU017', '0.2', '0', '2022-03-24 17:39:11'),
(39, 'USR0004', 'QU018', '0.2', '0', '2022-03-24 17:39:11'),
(40, 'USR0004', 'QU019', '0.2', '0', '2022-03-24 17:39:11'),
(41, 'USR0004', 'QU020', '0.2', '0', '2022-03-24 17:39:11'),
(42, 'USR0005', 'QU031', '0.2', '0', '2022-03-24 17:40:42'),
(43, 'USR0005', 'QU032', '0.2', '0', '2022-03-24 17:40:42'),
(44, 'USR0005', 'QU033', '0.2', '0', '2022-03-24 17:40:42'),
(45, 'USR0005', 'QU034', '0.2', '0', '2022-03-24 17:40:42'),
(46, 'USR0005', 'QU035', '0.2', '0', '2022-03-24 17:40:42'),
(47, 'USR0005', 'QU036', '0.2', '0', '2022-03-24 17:40:42'),
(48, 'USR0005', 'QU037', '0.2', '0', '2022-03-24 17:40:42'),
(49, 'USR0005', 'QU038', '0.2', '0', '2022-03-24 17:40:42'),
(50, 'USR0005', 'QU039', '0.2', '0', '2022-03-24 17:40:42'),
(51, 'USR0005', 'QU040', '0.2', '1', '2022-03-24 17:40:42'),
(52, 'USR0006', 'QU031', '0.2', '0', '2022-03-24 17:46:33'),
(53, 'USR0006', 'QU032', '0.2', '0', '2022-03-24 17:46:33'),
(54, 'USR0006', 'QU033', '0.2', '0', '2022-03-24 17:46:33'),
(55, 'USR0006', 'QU034', '0.2', '0', '2022-03-24 17:46:33'),
(56, 'USR0006', 'QU035', '0.2', '0', '2022-03-24 17:46:33'),
(57, 'USR0006', 'QU036', '0.2', '0', '2022-03-24 17:46:33'),
(58, 'USR0006', 'QU037', '0.2', '0', '2022-03-24 17:46:33'),
(59, 'USR0006', 'QU038', '0.2', '0', '2022-03-24 17:46:33'),
(60, 'USR0006', 'QU039', '0.2', '0', '2022-03-24 17:46:33'),
(61, 'USR0006', 'QU040', '0.2', '1', '2022-03-24 17:46:33'),
(62, 'USR0007', 'QU021', '0.2', '0', '2022-03-24 17:48:28'),
(63, 'USR0007', 'QU022', '0.2', '0', '2022-03-24 17:48:28'),
(64, 'USR0007', 'QU023', '0.2', '0', '2022-03-24 17:48:28'),
(65, 'USR0007', 'QU024', '0.2', '0', '2022-03-24 17:48:28'),
(66, 'USR0007', 'QU025', '0.2', '0', '2022-03-24 17:48:28'),
(67, 'USR0007', 'QU026', '0.2', '0', '2022-03-24 17:48:28'),
(68, 'USR0007', 'QU027', '0.2', '0', '2022-03-24 17:48:28'),
(69, 'USR0007', 'QU028', '0.2', '0', '2022-03-24 17:48:28'),
(70, 'USR0007', 'QU029', '0.2', '0', '2022-03-24 17:48:28'),
(71, 'USR0007', 'QU030', '0.2', '0', '2022-03-24 17:48:28'),
(72, 'USR0008', 'QU021', '0.2', '0', '2022-03-24 17:49:52'),
(73, 'USR0008', 'QU022', '0.2', '0', '2022-03-24 17:49:52'),
(74, 'USR0008', 'QU023', '0.2', '0', '2022-03-24 17:49:52'),
(75, 'USR0008', 'QU024', '0.2', '0', '2022-03-24 17:49:52'),
(76, 'USR0008', 'QU025', '0.2', '0', '2022-03-24 17:49:52'),
(77, 'USR0008', 'QU026', '0.2', '0', '2022-03-24 17:49:52'),
(78, 'USR0008', 'QU027', '0.2', '0', '2022-03-24 17:49:52'),
(79, 'USR0008', 'QU028', '0.2', '0', '2022-03-24 17:49:52'),
(80, 'USR0008', 'QU029', '0.2', '0', '2022-03-24 17:49:52'),
(81, 'USR0008', 'QU030', '0.2', '0', '2022-03-24 17:49:52'),
(82, 'USR0009', 'QU041', '0.2', '0', '2022-03-24 17:51:20'),
(83, 'USR0009', 'QU042', '0.2', '0', '2022-03-24 17:51:20'),
(84, 'USR0009', 'QU043', '0.2', '0', '2022-03-24 17:51:20'),
(85, 'USR0009', 'QU044', '0.2', '0', '2022-03-24 17:51:20'),
(86, 'USR0009', 'QU045', '0.2', '0', '2022-03-24 17:51:20'),
(87, 'USR0009', 'QU046', '0.2', '0', '2022-03-24 17:51:20'),
(88, 'USR0009', 'QU047', '0.2', '0', '2022-03-24 17:51:20'),
(89, 'USR0009', 'QU048', '0.2', '0', '2022-03-24 17:51:20'),
(90, 'USR0009', 'QU049', '0.2', '0', '2022-03-24 17:51:20'),
(91, 'USR0009', 'QU050', '0.2', '0', '2022-03-24 17:51:20'),
(92, 'USR0010', 'QU051', '0.2', '0', '2022-03-24 17:52:28'),
(93, 'USR0010', 'QU052', '0.2', '0', '2022-03-24 17:52:28'),
(94, 'USR0010', 'QU053', '0.2', '0', '2022-03-24 17:52:28'),
(95, 'USR0010', 'QU054', '0.2', '0', '2022-03-24 17:52:28'),
(96, 'USR0010', 'QU055', '0.2', '0', '2022-03-24 17:52:28'),
(97, 'USR0010', 'QU056', '0.2', '0', '2022-03-24 17:52:28'),
(98, 'USR0010', 'QU057', '0.2', '0', '2022-03-24 17:52:28'),
(99, 'USR0010', 'QU058', '0.2', '0', '2022-03-24 17:52:28'),
(100, 'USR0010', 'QU059', '0.2', '0', '2022-03-24 17:52:28'),
(101, 'USR0010', 'QU060', '0.2', '0', '2022-03-24 17:52:28'),
(102, 'USR0011', 'QU071', '0.2', '0', '2022-03-24 17:53:51'),
(103, 'USR0011', 'QU072', '0.2', '0', '2022-03-24 17:53:51'),
(104, 'USR0011', 'QU073', '0.2', '0', '2022-03-24 17:53:51'),
(105, 'USR0011', 'QU074', '0.2', '0', '2022-03-24 17:53:51'),
(106, 'USR0011', 'QU075', '0.2', '0', '2022-03-24 17:53:51'),
(107, 'USR0011', 'QU076', '0.2', '0', '2022-03-24 17:53:51'),
(108, 'USR0011', 'QU077', '0.2', '0', '2022-03-24 17:53:51'),
(109, 'USR0011', 'QU078', '0.2', '0', '2022-03-24 17:53:51'),
(110, 'USR0011', 'QU079', '0.2', '0', '2022-03-24 17:53:51'),
(111, 'USR0011', 'QU080', '0.2', '0', '2022-03-24 17:53:51'),
(112, 'USR0012', 'QU051', '0.2', '0', '2022-03-24 17:55:08'),
(113, 'USR0012', 'QU052', '0.2', '0', '2022-03-24 17:55:08'),
(114, 'USR0012', 'QU053', '0.2', '0', '2022-03-24 17:55:08'),
(115, 'USR0012', 'QU054', '0.2', '0', '2022-03-24 17:55:08'),
(116, 'USR0012', 'QU055', '0.2', '0', '2022-03-24 17:55:08'),
(117, 'USR0012', 'QU056', '0.2', '0', '2022-03-24 17:55:08'),
(118, 'USR0012', 'QU057', '0.2', '0', '2022-03-24 17:55:08'),
(119, 'USR0012', 'QU058', '0.2', '0', '2022-03-24 17:55:08'),
(120, 'USR0012', 'QU059', '0.2', '1', '2022-03-24 17:55:08'),
(121, 'USR0012', 'QU060', '0.2', '0', '2022-03-24 17:55:08'),
(122, 'USR0013', 'QU001', '0.2', '0', '2022-03-24 17:56:27'),
(123, 'USR0013', 'QU002', '0.2', '0', '2022-03-24 17:56:27'),
(124, 'USR0013', 'QU003', '0.2', '0', '2022-03-24 17:56:27'),
(125, 'USR0013', 'QU004', '0.2', '0', '2022-03-24 17:56:27'),
(126, 'USR0013', 'QU005', '0.2', '0', '2022-03-24 17:56:27'),
(127, 'USR0013', 'QU006', '0.2', '0', '2022-03-24 17:56:27'),
(128, 'USR0013', 'QU007', '0.2', '0', '2022-03-24 17:56:27'),
(129, 'USR0013', 'QU008', '0.2', '0', '2022-03-24 17:56:27'),
(130, 'USR0013', 'QU009', '0.2', '0', '2022-03-24 17:56:27'),
(131, 'USR0013', 'QU010', '0.2', '1', '2022-03-24 17:56:27'),
(132, 'USR0014', 'QU041', '0.2', '0', '2022-03-24 17:57:45'),
(133, 'USR0014', 'QU042', '0.2', '0', '2022-03-24 17:57:45'),
(134, 'USR0014', 'QU043', '0.2', '0', '2022-03-24 17:57:45'),
(135, 'USR0014', 'QU044', '0.2', '0', '2022-03-24 17:57:45'),
(136, 'USR0014', 'QU045', '0.2', '0', '2022-03-24 17:57:45'),
(137, 'USR0014', 'QU046', '0.2', '0', '2022-03-24 17:57:45'),
(138, 'USR0014', 'QU047', '0.2', '0', '2022-03-24 17:57:45'),
(139, 'USR0014', 'QU048', '0.2', '0', '2022-03-24 17:57:45'),
(140, 'USR0014', 'QU049', '0.2', '0', '2022-03-24 17:57:45'),
(141, 'USR0014', 'QU050', '0.2', '0', '2022-03-24 17:57:45'),
(142, 'USR0015', 'QU071', '0.2', '0', '2022-03-24 17:58:38'),
(143, 'USR0015', 'QU072', '0.2', '0', '2022-03-24 17:58:38'),
(144, 'USR0015', 'QU073', '0.2', '0', '2022-03-24 17:58:38'),
(145, 'USR0015', 'QU074', '0.2', '0', '2022-03-24 17:58:38'),
(146, 'USR0015', 'QU075', '0.2', '0', '2022-03-24 17:58:38'),
(147, 'USR0015', 'QU076', '0.2', '0', '2022-03-24 17:58:38'),
(148, 'USR0015', 'QU077', '0.2', '0', '2022-03-24 17:58:38'),
(149, 'USR0015', 'QU078', '0.2', '0', '2022-03-24 17:58:38'),
(150, 'USR0015', 'QU079', '0.2', '0', '2022-03-24 17:58:38'),
(151, 'USR0015', 'QU080', '0.2', '0', '2022-03-24 17:58:38'),
(152, 'USR0016', 'QU051', '0.2', '0', '2022-03-24 17:59:51'),
(153, 'USR0016', 'QU052', '0.2', '0', '2022-03-24 17:59:51'),
(154, 'USR0016', 'QU053', '0.2', '0', '2022-03-24 17:59:51'),
(155, 'USR0016', 'QU054', '0.2', '0', '2022-03-24 17:59:51'),
(156, 'USR0016', 'QU055', '0.2', '0', '2022-03-24 17:59:51'),
(157, 'USR0016', 'QU056', '0.2', '0', '2022-03-24 17:59:51'),
(158, 'USR0016', 'QU057', '0.2', '0', '2022-03-24 17:59:51'),
(159, 'USR0016', 'QU058', '0.2', '0', '2022-03-24 17:59:51'),
(160, 'USR0016', 'QU059', '0.2', '0', '2022-03-24 17:59:51'),
(161, 'USR0016', 'QU060', '0.2', '0', '2022-03-24 17:59:51'),
(162, 'USR0017', 'QU061', '0.2', '0', '2022-03-24 18:04:46'),
(163, 'USR0017', 'QU062', '0.2', '1', '2022-03-24 18:04:46'),
(164, 'USR0017', 'QU063', '0.2', '0', '2022-03-24 18:04:46'),
(165, 'USR0017', 'QU064', '0.2', '0', '2022-03-24 18:04:46'),
(166, 'USR0017', 'QU065', '0.2', '0', '2022-03-24 18:04:46'),
(167, 'USR0017', 'QU066', '0.2', '0', '2022-03-24 18:04:46'),
(168, 'USR0017', 'QU067', '0.2', '1', '2022-03-24 18:04:46'),
(169, 'USR0017', 'QU068', '0.2', '1', '2022-03-24 18:04:46'),
(170, 'USR0017', 'QU069', '0.2', '0', '2022-03-24 18:04:46'),
(171, 'USR0017', 'QU070', '0.2', '1', '2022-03-24 18:04:46'),
(172, 'USR0018', 'QU031', '0.2', '0', '2022-03-24 18:07:14'),
(173, 'USR0018', 'QU032', '0.2', '1', '2022-03-24 18:07:14'),
(174, 'USR0018', 'QU033', '0.2', '0', '2022-03-24 18:07:14'),
(175, 'USR0018', 'QU034', '0.2', '0', '2022-03-24 18:07:14'),
(176, 'USR0018', 'QU035', '0.2', '1', '2022-03-24 18:07:14'),
(177, 'USR0018', 'QU036', '0.2', '0', '2022-03-24 18:07:14'),
(178, 'USR0018', 'QU037', '0.2', '0', '2022-03-24 18:07:14'),
(179, 'USR0018', 'QU038', '0.2', '0', '2022-03-24 18:07:14'),
(180, 'USR0018', 'QU039', '0.2', '0', '2022-03-24 18:07:14'),
(181, 'USR0018', 'QU040', '0.2', '1', '2022-03-24 18:07:14'),
(182, 'USR0019', 'QU001', '0.2', '0', '2022-03-24 18:09:56'),
(183, 'USR0019', 'QU002', '0.2', '0', '2022-03-24 18:09:56'),
(184, 'USR0019', 'QU003', '0.2', '0', '2022-03-24 18:09:56'),
(185, 'USR0019', 'QU004', '0.2', '0', '2022-03-24 18:09:56'),
(186, 'USR0019', 'QU005', '0.2', '0', '2022-03-24 18:09:56'),
(187, 'USR0019', 'QU006', '0.2', '0', '2022-03-24 18:09:56'),
(188, 'USR0019', 'QU007', '0.2', '0', '2022-03-24 18:09:56'),
(189, 'USR0019', 'QU008', '0.2', '1', '2022-03-24 18:09:56'),
(190, 'USR0019', 'QU009', '0.2', '1', '2022-03-24 18:09:56'),
(191, 'USR0019', 'QU010', '0.2', '0', '2022-03-24 18:09:56'),
(192, 'USR0020', 'QU041', '0.2', '0', '2022-03-24 18:11:14'),
(193, 'USR0020', 'QU042', '0.2', '1', '2022-03-24 18:11:14'),
(194, 'USR0020', 'QU043', '0.2', '0', '2022-03-24 18:11:14'),
(195, 'USR0020', 'QU044', '0.2', '0', '2022-03-24 18:11:14'),
(196, 'USR0020', 'QU045', '0.2', '0', '2022-03-24 18:11:14'),
(197, 'USR0020', 'QU046', '0.2', '0', '2022-03-24 18:11:14'),
(198, 'USR0020', 'QU047', '0.2', '1', '2022-03-24 18:11:14'),
(199, 'USR0020', 'QU048', '0.2', '1', '2022-03-24 18:11:14'),
(200, 'USR0020', 'QU049', '0.2', '0', '2022-03-24 18:11:14'),
(201, 'USR0020', 'QU050', '0.2', '1', '2022-03-24 18:11:14'),
(202, 'USR0021', 'QU001', '0.2', '0', '2022-03-24 18:12:23'),
(203, 'USR0021', 'QU002', '0.2', '0', '2022-03-24 18:12:23'),
(204, 'USR0021', 'QU003', '0.2', '0', '2022-03-24 18:12:23'),
(205, 'USR0021', 'QU004', '0.2', '0', '2022-03-24 18:12:23'),
(206, 'USR0021', 'QU005', '0.2', '0', '2022-03-24 18:12:23'),
(207, 'USR0021', 'QU006', '0.2', '0', '2022-03-24 18:12:23'),
(208, 'USR0021', 'QU007', '0.2', '0', '2022-03-24 18:12:23'),
(209, 'USR0021', 'QU008', '0.2', '0', '2022-03-24 18:12:23'),
(210, 'USR0021', 'QU009', '0.2', '1', '2022-03-24 18:12:23'),
(211, 'USR0021', 'QU010', '0.2', '1', '2022-03-24 18:12:23'),
(212, 'USR0022', 'QU011', '0.2', '0', '2022-03-24 18:14:09'),
(213, 'USR0022', 'QU012', '0.2', '0', '2022-03-24 18:14:09'),
(214, 'USR0022', 'QU013', '0.2', '0', '2022-03-24 18:14:09'),
(215, 'USR0022', 'QU014', '0.2', '0', '2022-03-24 18:14:09'),
(216, 'USR0022', 'QU015', '0.2', '0', '2022-03-24 18:14:09'),
(217, 'USR0022', 'QU016', '0.2', '0', '2022-03-24 18:14:09'),
(218, 'USR0022', 'QU017', '0.2', '0', '2022-03-24 18:14:09'),
(219, 'USR0022', 'QU018', '0.2', '0', '2022-03-24 18:14:09'),
(220, 'USR0022', 'QU019', '0.2', '1', '2022-03-24 18:14:09'),
(221, 'USR0022', 'QU020', '0.2', '1', '2022-03-24 18:14:09'),
(222, 'USR0023', 'QU031', '0.2', '0', '2022-03-24 18:15:34'),
(223, 'USR0023', 'QU032', '0.2', '0', '2022-03-24 18:15:34'),
(224, 'USR0023', 'QU033', '0.2', '0', '2022-03-24 18:15:34'),
(225, 'USR0023', 'QU034', '0.2', '0', '2022-03-24 18:15:34'),
(226, 'USR0023', 'QU035', '0.2', '0', '2022-03-24 18:15:34'),
(227, 'USR0023', 'QU036', '0.2', '0', '2022-03-24 18:15:34'),
(228, 'USR0023', 'QU037', '0.2', '0', '2022-03-24 18:15:34'),
(229, 'USR0023', 'QU038', '0.2', '0', '2022-03-24 18:15:34'),
(230, 'USR0023', 'QU039', '0.2', '1', '2022-03-24 18:15:34'),
(231, 'USR0023', 'QU040', '0.2', '1', '2022-03-24 18:15:34'),
(232, 'USR0024', 'QU011', '0.2', '0', '2022-03-24 18:17:24'),
(233, 'USR0024', 'QU012', '0.2', '1', '2022-03-24 18:17:24'),
(234, 'USR0024', 'QU013', '0.2', '0', '2022-03-24 18:17:24'),
(235, 'USR0024', 'QU014', '0.2', '0', '2022-03-24 18:17:24'),
(236, 'USR0024', 'QU015', '0.2', '0', '2022-03-24 18:17:24'),
(237, 'USR0024', 'QU016', '0.2', '0', '2022-03-24 18:17:24'),
(238, 'USR0024', 'QU017', '0.2', '0', '2022-03-24 18:17:24'),
(239, 'USR0024', 'QU018', '0.2', '0', '2022-03-24 18:17:24'),
(240, 'USR0024', 'QU019', '0.2', '1', '2022-03-24 18:17:24'),
(241, 'USR0024', 'QU020', '0.2', '1', '2022-03-24 18:17:24'),
(242, 'USR0025', 'QU041', '0.2', '1', '2022-03-24 18:20:54'),
(243, 'USR0025', 'QU042', '0.2', '1', '2022-03-24 18:20:54'),
(244, 'USR0025', 'QU043', '0.2', '0', '2022-03-24 18:20:54'),
(245, 'USR0025', 'QU044', '0.2', '0', '2022-03-24 18:20:54'),
(246, 'USR0025', 'QU045', '0.2', '0', '2022-03-24 18:20:54'),
(247, 'USR0025', 'QU046', '0.2', '0', '2022-03-24 18:20:54'),
(248, 'USR0025', 'QU047', '0.2', '0', '2022-03-24 18:20:54'),
(249, 'USR0025', 'QU048', '0.2', '0', '2022-03-24 18:20:54'),
(250, 'USR0025', 'QU049', '0.2', '0', '2022-03-24 18:20:54'),
(251, 'USR0025', 'QU050', '0.2', '0', '2022-03-24 18:20:54'),
(252, 'USR0026', 'QU031', '0.2', '0', '2022-03-24 18:23:25'),
(253, 'USR0026', 'QU032', '0.2', '0', '2022-03-24 18:23:25'),
(254, 'USR0026', 'QU033', '0.2', '1', '2022-03-24 18:23:25'),
(255, 'USR0026', 'QU034', '0.2', '0', '2022-03-24 18:23:25'),
(256, 'USR0026', 'QU035', '0.2', '1', '2022-03-24 18:23:25'),
(257, 'USR0026', 'QU036', '0.2', '0', '2022-03-24 18:23:25'),
(258, 'USR0026', 'QU037', '0.2', '0', '2022-03-24 18:23:25'),
(259, 'USR0026', 'QU038', '0.2', '1', '2022-03-24 18:23:25'),
(260, 'USR0026', 'QU039', '0.2', '0', '2022-03-24 18:23:25'),
(261, 'USR0026', 'QU040', '0.2', '0', '2022-03-24 18:23:25'),
(262, 'USR0027', 'QU021', '0.2', '1', '2022-03-24 18:25:42'),
(263, 'USR0027', 'QU022', '0.2', '1', '2022-03-24 18:25:42'),
(264, 'USR0027', 'QU023', '0.2', '1', '2022-03-24 18:25:42'),
(265, 'USR0027', 'QU024', '0.2', '0', '2022-03-24 18:25:42'),
(266, 'USR0027', 'QU025', '0.2', '0', '2022-03-24 18:25:42'),
(267, 'USR0027', 'QU026', '0.2', '0', '2022-03-24 18:25:42'),
(268, 'USR0027', 'QU027', '0.2', '0', '2022-03-24 18:25:42'),
(269, 'USR0027', 'QU028', '0.2', '0', '2022-03-24 18:25:42'),
(270, 'USR0027', 'QU029', '0.2', '0', '2022-03-24 18:25:42'),
(271, 'USR0027', 'QU030', '0.2', '0', '2022-03-24 18:25:42'),
(272, 'USR0028', 'QU071', '0.2', '0', '2022-03-24 18:27:07'),
(273, 'USR0028', 'QU072', '0.2', '0', '2022-03-24 18:27:07'),
(274, 'USR0028', 'QU073', '0.2', '1', '2022-03-24 18:27:07'),
(275, 'USR0028', 'QU074', '0.2', '0', '2022-03-24 18:27:07'),
(276, 'USR0028', 'QU075', '0.2', '0', '2022-03-24 18:27:07'),
(277, 'USR0028', 'QU076', '0.2', '0', '2022-03-24 18:27:07'),
(278, 'USR0028', 'QU077', '0.2', '1', '2022-03-24 18:27:07'),
(279, 'USR0028', 'QU078', '0.2', '0', '2022-03-24 18:27:07'),
(280, 'USR0028', 'QU079', '0.2', '0', '2022-03-24 18:27:07'),
(281, 'USR0028', 'QU080', '0.2', '0', '2022-03-24 18:27:07'),
(282, 'USR0029', 'QU041', '0.2', '1', '2022-03-24 18:31:00'),
(283, 'USR0029', 'QU042', '0.2', '0', '2022-03-24 18:31:00'),
(284, 'USR0029', 'QU043', '0.2', '1', '2022-03-24 18:31:00'),
(285, 'USR0029', 'QU044', '0.2', '0', '2022-03-24 18:31:00'),
(286, 'USR0029', 'QU045', '0.2', '0', '2022-03-24 18:31:00'),
(287, 'USR0029', 'QU046', '0.2', '0', '2022-03-24 18:31:00'),
(288, 'USR0029', 'QU047', '0.2', '1', '2022-03-24 18:31:00'),
(289, 'USR0029', 'QU048', '0.2', '1', '2022-03-24 18:31:00'),
(290, 'USR0029', 'QU049', '0.2', '0', '2022-03-24 18:31:00'),
(291, 'USR0029', 'QU050', '0.2', '1', '2022-03-24 18:31:00'),
(292, 'USR0030', 'QU011', '0.2', '0', '2022-03-24 18:32:20'),
(293, 'USR0030', 'QU012', '0.2', '1', '2022-03-24 18:32:20'),
(294, 'USR0030', 'QU013', '0.2', '0', '2022-03-24 18:32:20'),
(295, 'USR0030', 'QU014', '0.2', '1', '2022-03-24 18:32:20'),
(296, 'USR0030', 'QU015', '0.2', '0', '2022-03-24 18:32:20'),
(297, 'USR0030', 'QU016', '0.2', '1', '2022-03-24 18:32:20'),
(298, 'USR0030', 'QU017', '0.2', '1', '2022-03-24 18:32:20'),
(299, 'USR0030', 'QU018', '0.2', '1', '2022-03-24 18:32:20'),
(300, 'USR0030', 'QU019', '0.2', '1', '2022-03-24 18:32:20'),
(301, 'USR0030', 'QU020', '0.2', '1', '2022-03-24 18:32:20'),
(302, 'USR0031', 'QU011', '0.2', '0', '2022-03-24 18:33:30'),
(303, 'USR0031', 'QU012', '0.2', '0', '2022-03-24 18:33:30'),
(304, 'USR0031', 'QU013', '0.2', '1', '2022-03-24 18:33:30'),
(305, 'USR0031', 'QU014', '0.2', '1', '2022-03-24 18:33:30'),
(306, 'USR0031', 'QU015', '0.2', '0', '2022-03-24 18:33:30'),
(307, 'USR0031', 'QU016', '0.2', '1', '2022-03-24 18:33:30'),
(308, 'USR0031', 'QU017', '0.2', '0', '2022-03-24 18:33:30'),
(309, 'USR0031', 'QU018', '0.2', '0', '2022-03-24 18:33:30'),
(310, 'USR0031', 'QU019', '0.2', '1', '2022-03-24 18:33:30'),
(311, 'USR0031', 'QU020', '0.2', '0', '2022-03-24 18:33:30'),
(312, 'USR0032', 'QU061', '0.2', '1', '2022-03-24 18:34:37'),
(313, 'USR0032', 'QU062', '0.2', '0', '2022-03-24 18:34:37'),
(314, 'USR0032', 'QU063', '0.2', '0', '2022-03-24 18:34:37'),
(315, 'USR0032', 'QU064', '0.2', '1', '2022-03-24 18:34:37'),
(316, 'USR0032', 'QU065', '0.2', '0', '2022-03-24 18:34:37'),
(317, 'USR0032', 'QU066', '0.2', '0', '2022-03-24 18:34:37'),
(318, 'USR0032', 'QU067', '0.2', '0', '2022-03-24 18:34:37'),
(319, 'USR0032', 'QU068', '0.2', '1', '2022-03-24 18:34:37'),
(320, 'USR0032', 'QU069', '0.2', '0', '2022-03-24 18:34:37'),
(321, 'USR0032', 'QU070', '0.2', '1', '2022-03-24 18:34:37'),
(322, 'USR0033', 'QU011', '0.2', '0', '2022-03-24 18:35:49'),
(323, 'USR0033', 'QU012', '0.2', '0', '2022-03-24 18:35:49'),
(324, 'USR0033', 'QU013', '0.2', '1', '2022-03-24 18:35:49'),
(325, 'USR0033', 'QU014', '0.2', '1', '2022-03-24 18:35:49'),
(326, 'USR0033', 'QU015', '0.2', '0', '2022-03-24 18:35:49'),
(327, 'USR0033', 'QU016', '0.2', '0', '2022-03-24 18:35:49'),
(328, 'USR0033', 'QU017', '0.2', '0', '2022-03-24 18:35:49'),
(329, 'USR0033', 'QU018', '0.2', '1', '2022-03-24 18:35:49'),
(330, 'USR0033', 'QU019', '0.2', '1', '2022-03-24 18:35:49'),
(331, 'USR0033', 'QU020', '0.2', '1', '2022-03-24 18:35:49'),
(332, 'USR0034', 'QU011', '0.2', '0', '2022-03-24 18:37:22'),
(333, 'USR0034', 'QU012', '0.2', '0', '2022-03-24 18:37:22'),
(334, 'USR0034', 'QU013', '0.2', '1', '2022-03-24 18:37:22'),
(335, 'USR0034', 'QU014', '0.2', '1', '2022-03-24 18:37:22'),
(336, 'USR0034', 'QU015', '0.2', '0', '2022-03-24 18:37:22'),
(337, 'USR0034', 'QU016', '0.2', '0', '2022-03-24 18:37:22'),
(338, 'USR0034', 'QU017', '0.2', '0', '2022-03-24 18:37:22'),
(339, 'USR0034', 'QU018', '0.2', '0', '2022-03-24 18:37:22'),
(340, 'USR0034', 'QU019', '0.2', '1', '2022-03-24 18:37:22'),
(341, 'USR0034', 'QU020', '0.2', '1', '2022-03-24 18:37:22'),
(342, 'USR0035', 'QU041', '0.2', '1', '2022-03-24 18:38:46'),
(343, 'USR0035', 'QU042', '0.2', '1', '2022-03-24 18:38:46'),
(344, 'USR0035', 'QU043', '0.2', '0', '2022-03-24 18:38:46'),
(345, 'USR0035', 'QU044', '0.2', '1', '2022-03-24 18:38:46'),
(346, 'USR0035', 'QU045', '0.2', '0', '2022-03-24 18:38:46'),
(347, 'USR0035', 'QU046', '0.2', '0', '2022-03-24 18:38:46'),
(348, 'USR0035', 'QU047', '0.2', '0', '2022-03-24 18:38:46'),
(349, 'USR0035', 'QU048', '0.2', '1', '2022-03-24 18:38:46'),
(350, 'USR0035', 'QU049', '0.2', '0', '2022-03-24 18:38:46'),
(351, 'USR0035', 'QU050', '0.2', '0', '2022-03-24 18:38:46'),
(352, 'USR0036', 'QU041', '0.2', '0', '2022-03-24 18:40:46'),
(353, 'USR0036', 'QU042', '0.2', '0', '2022-03-24 18:40:46'),
(354, 'USR0036', 'QU043', '0.2', '0', '2022-03-24 18:40:46'),
(355, 'USR0036', 'QU044', '0.2', '1', '2022-03-24 18:40:46'),
(356, 'USR0036', 'QU045', '0.2', '1', '2022-03-24 18:40:46'),
(357, 'USR0036', 'QU046', '0.2', '1', '2022-03-24 18:40:46'),
(358, 'USR0036', 'QU047', '0.2', '1', '2022-03-24 18:40:46'),
(359, 'USR0036', 'QU048', '0.2', '0', '2022-03-24 18:40:46'),
(360, 'USR0036', 'QU049', '0.2', '0', '2022-03-24 18:40:46'),
(361, 'USR0036', 'QU050', '0.2', '0', '2022-03-24 18:40:46'),
(362, 'USR0037', 'QU031', '0.2', '0', '2022-03-24 18:42:57'),
(363, 'USR0037', 'QU032', '0.2', '0', '2022-03-24 18:42:57'),
(364, 'USR0037', 'QU033', '0.2', '1', '2022-03-24 18:42:57'),
(365, 'USR0037', 'QU034', '0.2', '1', '2022-03-24 18:42:57'),
(366, 'USR0037', 'QU035', '0.2', '1', '2022-03-24 18:42:57'),
(367, 'USR0037', 'QU036', '0.2', '1', '2022-03-24 18:42:57'),
(368, 'USR0037', 'QU037', '0.2', '1', '2022-03-24 18:42:57'),
(369, 'USR0037', 'QU038', '0.2', '1', '2022-03-24 18:42:57'),
(370, 'USR0037', 'QU039', '0.2', '0', '2022-03-24 18:42:57'),
(371, 'USR0037', 'QU040', '0.2', '0', '2022-03-24 18:42:57'),
(372, 'USR0038', 'QU051', '0.2', '0', '2022-03-24 18:44:13'),
(373, 'USR0038', 'QU052', '0.2', '0', '2022-03-24 18:44:13'),
(374, 'USR0038', 'QU053', '0.2', '0', '2022-03-24 18:44:13'),
(375, 'USR0038', 'QU054', '0.2', '1', '2022-03-24 18:44:13'),
(376, 'USR0038', 'QU055', '0.2', '1', '2022-03-24 18:44:13'),
(377, 'USR0038', 'QU056', '0.2', '0', '2022-03-24 18:44:13'),
(378, 'USR0038', 'QU057', '0.2', '1', '2022-03-24 18:44:13'),
(379, 'USR0038', 'QU058', '0.2', '1', '2022-03-24 18:44:13'),
(380, 'USR0038', 'QU059', '0.2', '1', '2022-03-24 18:44:13'),
(381, 'USR0038', 'QU060', '0.2', '1', '2022-03-24 18:44:13'),
(382, 'USR0039', 'QU031', '0.2', '1', '2022-03-24 18:45:35'),
(383, 'USR0039', 'QU032', '0.2', '1', '2022-03-24 18:45:35'),
(384, 'USR0039', 'QU033', '0.2', '0', '2022-03-24 18:45:35'),
(385, 'USR0039', 'QU034', '0.2', '1', '2022-03-24 18:45:35'),
(386, 'USR0039', 'QU035', '0.2', '0', '2022-03-24 18:45:35'),
(387, 'USR0039', 'QU036', '0.2', '0', '2022-03-24 18:45:35'),
(388, 'USR0039', 'QU037', '0.2', '0', '2022-03-24 18:45:35'),
(389, 'USR0039', 'QU038', '0.2', '1', '2022-03-24 18:45:35'),
(390, 'USR0039', 'QU039', '0.2', '0', '2022-03-24 18:45:35'),
(391, 'USR0039', 'QU040', '0.2', '0', '2022-03-24 18:45:35'),
(392, 'USR0040', 'QU021', '0.2', '0', '2022-03-24 18:46:45'),
(393, 'USR0040', 'QU022', '0.2', '0', '2022-03-24 18:46:45'),
(394, 'USR0040', 'QU023', '0.2', '0', '2022-03-24 18:46:45'),
(395, 'USR0040', 'QU024', '0.2', '0', '2022-03-24 18:46:45'),
(396, 'USR0040', 'QU025', '0.2', '0', '2022-03-24 18:46:45'),
(397, 'USR0040', 'QU026', '0.2', '0', '2022-03-24 18:46:45'),
(398, 'USR0040', 'QU027', '0.2', '0', '2022-03-24 18:46:45'),
(399, 'USR0040', 'QU028', '0.2', '0', '2022-03-24 18:46:45'),
(400, 'USR0040', 'QU029', '0.2', '0', '2022-03-24 18:46:45'),
(401, 'USR0040', 'QU030', '0.2', '0', '2022-03-24 18:46:45'),
(402, 'USR0041', 'QU071', '0.2', '0', '2022-03-24 18:48:06'),
(403, 'USR0041', 'QU072', '0.2', '0', '2022-03-24 18:48:06'),
(404, 'USR0041', 'QU073', '0.2', '0', '2022-03-24 18:48:06'),
(405, 'USR0041', 'QU074', '0.2', '0', '2022-03-24 18:48:06'),
(406, 'USR0041', 'QU075', '0.2', '1', '2022-03-24 18:48:06'),
(407, 'USR0041', 'QU076', '0.2', '0', '2022-03-24 18:48:06'),
(408, 'USR0041', 'QU077', '0.2', '0', '2022-03-24 18:48:06'),
(409, 'USR0041', 'QU078', '0.2', '0', '2022-03-24 18:48:06'),
(410, 'USR0041', 'QU079', '0.2', '0', '2022-03-24 18:48:06'),
(411, 'USR0041', 'QU080', '0.2', '0', '2022-03-24 18:48:06'),
(412, 'USR0042', 'QU021', '0.2', '0', '2022-03-24 18:49:20'),
(413, 'USR0042', 'QU022', '0.2', '0', '2022-03-24 18:49:20'),
(414, 'USR0042', 'QU023', '0.2', '0', '2022-03-24 18:49:20'),
(415, 'USR0042', 'QU024', '0.2', '0', '2022-03-24 18:49:20'),
(416, 'USR0042', 'QU025', '0.2', '0', '2022-03-24 18:49:20'),
(417, 'USR0042', 'QU026', '0.2', '0', '2022-03-24 18:49:20'),
(418, 'USR0042', 'QU027', '0.2', '0', '2022-03-24 18:49:20'),
(419, 'USR0042', 'QU028', '0.2', '0', '2022-03-24 18:49:20'),
(420, 'USR0042', 'QU029', '0.2', '0', '2022-03-24 18:49:20'),
(421, 'USR0042', 'QU030', '0.2', '0', '2022-03-24 18:49:20'),
(422, 'USR0043', 'QU031', '0.2', '0', '2022-03-24 18:50:58'),
(423, 'USR0043', 'QU032', '0.2', '0', '2022-03-24 18:50:58'),
(424, 'USR0043', 'QU033', '0.2', '0', '2022-03-24 18:50:58'),
(425, 'USR0043', 'QU034', '0.2', '0', '2022-03-24 18:50:58'),
(426, 'USR0043', 'QU035', '0.2', '1', '2022-03-24 18:50:58'),
(427, 'USR0043', 'QU036', '0.2', '0', '2022-03-24 18:50:58'),
(428, 'USR0043', 'QU037', '0.2', '0', '2022-03-24 18:50:58'),
(429, 'USR0043', 'QU038', '0.2', '0', '2022-03-24 18:50:58'),
(430, 'USR0043', 'QU039', '0.2', '0', '2022-03-24 18:50:58'),
(431, 'USR0043', 'QU040', '0.2', '0', '2022-03-24 18:50:58'),
(432, 'USR0044', 'QU071', '0.2', '0', '2022-03-24 18:52:58'),
(433, 'USR0044', 'QU072', '0.2', '0', '2022-03-24 18:52:58'),
(434, 'USR0044', 'QU073', '0.2', '0', '2022-03-24 18:52:58'),
(435, 'USR0044', 'QU074', '0.2', '0', '2022-03-24 18:52:58'),
(436, 'USR0044', 'QU075', '0.2', '0', '2022-03-24 18:52:58'),
(437, 'USR0044', 'QU076', '0.2', '0', '2022-03-24 18:52:58'),
(438, 'USR0044', 'QU077', '0.2', '0', '2022-03-24 18:52:58'),
(439, 'USR0044', 'QU078', '0.2', '0', '2022-03-24 18:52:58'),
(440, 'USR0044', 'QU079', '0.2', '0', '2022-03-24 18:52:58'),
(441, 'USR0044', 'QU080', '0.2', '0', '2022-03-24 18:52:58'),
(442, 'USR0045', 'QU031', '0.2', '1', '2022-03-24 18:54:04'),
(443, 'USR0045', 'QU032', '0.2', '0', '2022-03-24 18:54:04'),
(444, 'USR0045', 'QU033', '0.2', '0', '2022-03-24 18:54:04'),
(445, 'USR0045', 'QU034', '0.2', '0', '2022-03-24 18:54:04'),
(446, 'USR0045', 'QU035', '0.2', '0', '2022-03-24 18:54:04'),
(447, 'USR0045', 'QU036', '0.2', '0', '2022-03-24 18:54:04'),
(448, 'USR0045', 'QU037', '0.2', '0', '2022-03-24 18:54:04'),
(449, 'USR0045', 'QU038', '0.2', '0', '2022-03-24 18:54:04'),
(450, 'USR0045', 'QU039', '0.2', '0', '2022-03-24 18:54:04'),
(451, 'USR0045', 'QU040', '0.2', '0', '2022-03-24 18:54:04'),
(452, 'USR0046', 'QU031', '0.2', '0', '2022-03-24 18:55:33'),
(453, 'USR0046', 'QU032', '0.2', '0', '2022-03-24 18:55:33'),
(454, 'USR0046', 'QU033', '0.2', '0', '2022-03-24 18:55:33'),
(455, 'USR0046', 'QU034', '0.2', '0', '2022-03-24 18:55:33'),
(456, 'USR0046', 'QU035', '0.2', '0', '2022-03-24 18:55:33'),
(457, 'USR0046', 'QU036', '0.2', '0', '2022-03-24 18:55:33'),
(458, 'USR0046', 'QU037', '0.2', '0', '2022-03-24 18:55:33'),
(459, 'USR0046', 'QU038', '0.2', '0', '2022-03-24 18:55:33'),
(460, 'USR0046', 'QU039', '0.2', '0', '2022-03-24 18:55:33'),
(461, 'USR0046', 'QU040', '0.2', '1', '2022-03-24 18:55:33'),
(462, 'USR0047', 'QU041', '0.2', '0', '2022-03-25 06:17:52'),
(463, 'USR0047', 'QU042', '0.2', '0', '2022-03-25 06:17:52'),
(464, 'USR0047', 'QU043', '0.2', '0', '2022-03-25 06:17:52'),
(465, 'USR0047', 'QU044', '0.2', '0', '2022-03-25 06:17:52'),
(466, 'USR0047', 'QU045', '0.2', '0', '2022-03-25 06:17:52'),
(467, 'USR0047', 'QU046', '0.2', '0', '2022-03-25 06:17:52'),
(468, 'USR0047', 'QU047', '0.2', '0', '2022-03-25 06:17:52'),
(469, 'USR0047', 'QU048', '0.2', '0', '2022-03-25 06:17:52'),
(470, 'USR0047', 'QU049', '0.2', '0', '2022-03-25 06:17:52'),
(471, 'USR0047', 'QU050', '0.2', '0', '2022-03-25 06:17:52'),
(472, 'USR0048', 'QU071', '0.2', '0', '2022-03-25 06:19:42'),
(473, 'USR0048', 'QU072', '0.2', '0', '2022-03-25 06:19:42'),
(474, 'USR0048', 'QU073', '0.2', '0', '2022-03-25 06:19:42'),
(475, 'USR0048', 'QU074', '0.2', '0', '2022-03-25 06:19:42'),
(476, 'USR0048', 'QU075', '0.2', '0', '2022-03-25 06:19:42'),
(477, 'USR0048', 'QU076', '0.2', '0', '2022-03-25 06:19:42'),
(478, 'USR0048', 'QU077', '0.2', '0', '2022-03-25 06:19:42'),
(479, 'USR0048', 'QU078', '0.2', '0', '2022-03-25 06:19:42'),
(480, 'USR0048', 'QU079', '0.2', '0', '2022-03-25 06:19:42'),
(481, 'USR0048', 'QU080', '0.2', '0', '2022-03-25 06:19:42'),
(482, 'USR0049', 'QU061', '0.2', '0', '2022-03-25 06:20:52'),
(483, 'USR0049', 'QU062', '0.2', '0', '2022-03-25 06:20:52'),
(484, 'USR0049', 'QU063', '0.2', '0', '2022-03-25 06:20:52'),
(485, 'USR0049', 'QU064', '0.2', '0', '2022-03-25 06:20:52'),
(486, 'USR0049', 'QU065', '0.2', '0', '2022-03-25 06:20:52'),
(487, 'USR0049', 'QU066', '0.2', '0', '2022-03-25 06:20:52'),
(488, 'USR0049', 'QU067', '0.2', '0', '2022-03-25 06:20:52'),
(489, 'USR0049', 'QU068', '0.2', '1', '2022-03-25 06:20:52'),
(490, 'USR0049', 'QU069', '0.2', '0', '2022-03-25 06:20:52'),
(491, 'USR0049', 'QU070', '0.2', '0', '2022-03-25 06:20:52'),
(492, 'USR0050', 'QU061', '0.2', '0', '2022-03-25 06:22:00'),
(493, 'USR0050', 'QU062', '0.2', '0', '2022-03-25 06:22:00'),
(494, 'USR0050', 'QU063', '0.2', '0', '2022-03-25 06:22:00'),
(495, 'USR0050', 'QU064', '0.2', '0', '2022-03-25 06:22:00'),
(496, 'USR0050', 'QU065', '0.2', '0', '2022-03-25 06:22:00'),
(497, 'USR0050', 'QU066', '0.2', '0', '2022-03-25 06:22:00'),
(498, 'USR0050', 'QU067', '0.2', '0', '2022-03-25 06:22:00'),
(499, 'USR0050', 'QU068', '0.2', '1', '2022-03-25 06:22:00'),
(500, 'USR0050', 'QU069', '0.2', '0', '2022-03-25 06:22:00'),
(501, 'USR0050', 'QU070', '0.2', '0', '2022-03-25 06:22:00'),
(502, 'USR0051', 'QU071', '0.2', '0', '2022-03-25 06:23:04'),
(503, 'USR0051', 'QU072', '0.2', '0', '2022-03-25 06:23:04'),
(504, 'USR0051', 'QU073', '0.2', '0', '2022-03-25 06:23:04'),
(505, 'USR0051', 'QU074', '0.2', '1', '2022-03-25 06:23:04'),
(506, 'USR0051', 'QU075', '0.2', '0', '2022-03-25 06:23:04'),
(507, 'USR0051', 'QU076', '0.2', '0', '2022-03-25 06:23:04'),
(508, 'USR0051', 'QU077', '0.2', '0', '2022-03-25 06:23:04'),
(509, 'USR0051', 'QU078', '0.2', '0', '2022-03-25 06:23:04'),
(510, 'USR0051', 'QU079', '0.2', '0', '2022-03-25 06:23:04'),
(511, 'USR0051', 'QU080', '0.2', '0', '2022-03-25 06:23:04'),
(512, 'USR0052', 'QU051', '0.2', '0', '2022-03-25 06:24:00'),
(513, 'USR0052', 'QU052', '0.2', '0', '2022-03-25 06:24:00'),
(514, 'USR0052', 'QU053', '0.2', '0', '2022-03-25 06:24:00'),
(515, 'USR0052', 'QU054', '0.2', '0', '2022-03-25 06:24:00'),
(516, 'USR0052', 'QU055', '0.2', '0', '2022-03-25 06:24:00'),
(517, 'USR0052', 'QU056', '0.2', '0', '2022-03-25 06:24:00'),
(518, 'USR0052', 'QU057', '0.2', '0', '2022-03-25 06:24:00'),
(519, 'USR0052', 'QU058', '0.2', '0', '2022-03-25 06:24:00'),
(520, 'USR0052', 'QU059', '0.2', '0', '2022-03-25 06:24:00'),
(521, 'USR0052', 'QU060', '0.2', '0', '2022-03-25 06:24:00'),
(522, 'USR0053', 'QU021', '0.2', '0', '2022-03-25 06:25:36'),
(523, 'USR0053', 'QU022', '0.2', '0', '2022-03-25 06:25:36'),
(524, 'USR0053', 'QU023', '0.2', '0', '2022-03-25 06:25:36'),
(525, 'USR0053', 'QU024', '0.2', '0', '2022-03-25 06:25:36'),
(526, 'USR0053', 'QU025', '0.2', '0', '2022-03-25 06:25:36'),
(527, 'USR0053', 'QU026', '0.2', '0', '2022-03-25 06:25:36'),
(528, 'USR0053', 'QU027', '0.2', '0', '2022-03-25 06:25:36'),
(529, 'USR0053', 'QU028', '0.2', '0', '2022-03-25 06:25:36'),
(530, 'USR0053', 'QU029', '0.2', '0', '2022-03-25 06:25:36'),
(531, 'USR0053', 'QU030', '0.2', '0', '2022-03-25 06:25:36'),
(532, 'USR0054', 'QU001', '0.2', '0', '2022-03-25 06:26:52'),
(533, 'USR0054', 'QU002', '0.2', '0', '2022-03-25 06:26:52'),
(534, 'USR0054', 'QU003', '0.2', '0', '2022-03-25 06:26:52'),
(535, 'USR0054', 'QU004', '0.2', '0', '2022-03-25 06:26:52'),
(536, 'USR0054', 'QU005', '0.2', '0', '2022-03-25 06:26:52'),
(537, 'USR0054', 'QU006', '0.2', '0', '2022-03-25 06:26:52'),
(538, 'USR0054', 'QU007', '0.2', '0', '2022-03-25 06:26:52'),
(539, 'USR0054', 'QU008', '0.2', '0', '2022-03-25 06:26:52'),
(540, 'USR0054', 'QU009', '0.2', '0', '2022-03-25 06:26:52'),
(541, 'USR0054', 'QU010', '0.2', '0', '2022-03-25 06:26:52'),
(542, 'USR0055', 'QU011', '0.2', '0', '2022-03-25 06:27:52'),
(543, 'USR0055', 'QU012', '0.2', '0', '2022-03-25 06:27:52'),
(544, 'USR0055', 'QU013', '0.2', '0', '2022-03-25 06:27:52'),
(545, 'USR0055', 'QU014', '0.2', '0', '2022-03-25 06:27:52'),
(546, 'USR0055', 'QU015', '0.2', '0', '2022-03-25 06:27:52'),
(547, 'USR0055', 'QU016', '0.2', '0', '2022-03-25 06:27:52'),
(548, 'USR0055', 'QU017', '0.2', '0', '2022-03-25 06:27:52'),
(549, 'USR0055', 'QU018', '0.2', '1', '2022-03-25 06:27:52'),
(550, 'USR0055', 'QU019', '0.2', '0', '2022-03-25 06:27:52'),
(551, 'USR0055', 'QU020', '0.2', '0', '2022-03-25 06:27:52'),
(552, 'USR0056', 'QU021', '0.2', '0', '2022-03-25 06:30:07'),
(553, 'USR0056', 'QU022', '0.2', '0', '2022-03-25 06:30:07'),
(554, 'USR0056', 'QU023', '0.2', '0', '2022-03-25 06:30:07'),
(555, 'USR0056', 'QU024', '0.2', '0', '2022-03-25 06:30:07'),
(556, 'USR0056', 'QU025', '0.2', '0', '2022-03-25 06:30:07'),
(557, 'USR0056', 'QU026', '0.2', '0', '2022-03-25 06:30:07'),
(558, 'USR0056', 'QU027', '0.2', '0', '2022-03-25 06:30:07'),
(559, 'USR0056', 'QU028', '0.2', '0', '2022-03-25 06:30:07'),
(560, 'USR0056', 'QU029', '0.2', '0', '2022-03-25 06:30:07'),
(561, 'USR0056', 'QU030', '0.2', '0', '2022-03-25 06:30:07'),
(562, 'USR0057', 'QU031', '0.2', '0', '2022-03-25 06:31:38'),
(563, 'USR0057', 'QU032', '0.2', '0', '2022-03-25 06:31:38'),
(564, 'USR0057', 'QU033', '0.2', '0', '2022-03-25 06:31:38'),
(565, 'USR0057', 'QU034', '0.2', '0', '2022-03-25 06:31:38'),
(566, 'USR0057', 'QU035', '0.2', '0', '2022-03-25 06:31:38'),
(567, 'USR0057', 'QU036', '0.2', '0', '2022-03-25 06:31:38'),
(568, 'USR0057', 'QU037', '0.2', '0', '2022-03-25 06:31:38'),
(569, 'USR0057', 'QU038', '0.2', '0', '2022-03-25 06:31:38'),
(570, 'USR0057', 'QU039', '0.2', '0', '2022-03-25 06:31:38'),
(571, 'USR0057', 'QU040', '0.2', '0', '2022-03-25 06:31:38'),
(572, 'USR0058', 'QU021', '0.2', '0', '2022-03-25 06:32:44'),
(573, 'USR0058', 'QU022', '0.2', '1', '2022-03-25 06:32:44'),
(574, 'USR0058', 'QU023', '0.2', '0', '2022-03-25 06:32:44'),
(575, 'USR0058', 'QU024', '0.2', '0', '2022-03-25 06:32:44'),
(576, 'USR0058', 'QU025', '0.2', '0', '2022-03-25 06:32:44'),
(577, 'USR0058', 'QU026', '0.2', '0', '2022-03-25 06:32:44'),
(578, 'USR0058', 'QU027', '0.2', '0', '2022-03-25 06:32:44'),
(579, 'USR0058', 'QU028', '0.2', '0', '2022-03-25 06:32:44'),
(580, 'USR0058', 'QU029', '0.2', '0', '2022-03-25 06:32:44'),
(581, 'USR0058', 'QU030', '0.2', '0', '2022-03-25 06:32:44'),
(582, 'USR0059', 'QU031', '0.2', '0', '2022-03-25 06:34:04'),
(583, 'USR0059', 'QU032', '0.2', '0', '2022-03-25 06:34:04'),
(584, 'USR0059', 'QU033', '0.2', '0', '2022-03-25 06:34:04'),
(585, 'USR0059', 'QU034', '0.2', '0', '2022-03-25 06:34:04'),
(586, 'USR0059', 'QU035', '0.2', '0', '2022-03-25 06:34:04'),
(587, 'USR0059', 'QU036', '0.2', '0', '2022-03-25 06:34:04'),
(588, 'USR0059', 'QU037', '0.2', '0', '2022-03-25 06:34:04'),
(589, 'USR0059', 'QU038', '0.2', '0', '2022-03-25 06:34:04'),
(590, 'USR0059', 'QU039', '0.2', '0', '2022-03-25 06:34:04'),
(591, 'USR0059', 'QU040', '0.2', '0', '2022-03-25 06:34:04'),
(592, 'USR0060', 'QU031', '0.2', '0', '2022-03-25 06:35:36'),
(593, 'USR0060', 'QU032', '0.2', '0', '2022-03-25 06:35:36'),
(594, 'USR0060', 'QU033', '0.2', '0', '2022-03-25 06:35:36'),
(595, 'USR0060', 'QU034', '0.2', '0', '2022-03-25 06:35:36'),
(596, 'USR0060', 'QU035', '0.2', '0', '2022-03-25 06:35:36'),
(597, 'USR0060', 'QU036', '0.2', '0', '2022-03-25 06:35:36'),
(598, 'USR0060', 'QU037', '0.2', '0', '2022-03-25 06:35:36'),
(599, 'USR0060', 'QU038', '0.2', '0', '2022-03-25 06:35:36'),
(600, 'USR0060', 'QU039', '0.2', '0', '2022-03-25 06:35:36'),
(601, 'USR0060', 'QU040', '0.2', '0', '2022-03-25 06:35:36'),
(602, 'USR0061', 'QU021', '0.2', '0', '2022-03-25 06:37:31'),
(603, 'USR0061', 'QU022', '0.2', '0', '2022-03-25 06:37:31'),
(604, 'USR0061', 'QU023', '0.2', '0', '2022-03-25 06:37:31'),
(605, 'USR0061', 'QU024', '0.2', '0', '2022-03-25 06:37:31'),
(606, 'USR0061', 'QU025', '0.2', '0', '2022-03-25 06:37:31'),
(607, 'USR0061', 'QU026', '0.2', '0', '2022-03-25 06:37:31'),
(608, 'USR0061', 'QU027', '0.2', '0', '2022-03-25 06:37:31'),
(609, 'USR0061', 'QU028', '0.2', '0', '2022-03-25 06:37:31'),
(610, 'USR0061', 'QU029', '0.2', '1', '2022-03-25 06:37:31'),
(611, 'USR0061', 'QU030', '0.2', '0', '2022-03-25 06:37:31'),
(612, 'USR0062', 'QU011', '0.2', '0', '2022-03-25 06:38:58'),
(613, 'USR0062', 'QU012', '0.2', '0', '2022-03-25 06:38:58'),
(614, 'USR0062', 'QU013', '0.2', '0', '2022-03-25 06:38:58'),
(615, 'USR0062', 'QU014', '0.2', '0', '2022-03-25 06:38:58'),
(616, 'USR0062', 'QU015', '0.2', '0', '2022-03-25 06:38:58'),
(617, 'USR0062', 'QU016', '0.2', '0', '2022-03-25 06:38:58'),
(618, 'USR0062', 'QU017', '0.2', '0', '2022-03-25 06:38:58'),
(619, 'USR0062', 'QU018', '0.2', '0', '2022-03-25 06:38:58'),
(620, 'USR0062', 'QU019', '0.2', '0', '2022-03-25 06:38:58'),
(621, 'USR0062', 'QU020', '0.2', '0', '2022-03-25 06:38:58'),
(622, 'USR0063', 'QU061', '0.2', '1', '2022-03-25 06:46:25'),
(623, 'USR0063', 'QU062', '0.2', '1', '2022-03-25 06:46:25'),
(624, 'USR0063', 'QU063', '0.2', '1', '2022-03-25 06:46:25'),
(625, 'USR0063', 'QU064', '0.2', '0', '2022-03-25 06:46:25'),
(626, 'USR0063', 'QU065', '0.2', '1', '2022-03-25 06:46:25'),
(627, 'USR0063', 'QU066', '0.2', '1', '2022-03-25 06:46:25'),
(628, 'USR0063', 'QU067', '0.2', '0', '2022-03-25 06:46:25'),
(629, 'USR0063', 'QU068', '0.2', '1', '2022-03-25 06:46:25'),
(630, 'USR0063', 'QU069', '0.2', '1', '2022-03-25 06:46:25'),
(631, 'USR0063', 'QU070', '0.2', '1', '2022-03-25 06:46:25'),
(632, 'USR0064', 'QU061', '0.2', '0', '2022-03-25 06:48:08'),
(633, 'USR0064', 'QU062', '0.2', '0', '2022-03-25 06:48:08'),
(634, 'USR0064', 'QU063', '0.2', '0', '2022-03-25 06:48:08'),
(635, 'USR0064', 'QU064', '0.2', '1', '2022-03-25 06:48:08'),
(636, 'USR0064', 'QU065', '0.2', '0', '2022-03-25 06:48:08'),
(637, 'USR0064', 'QU066', '0.2', '1', '2022-03-25 06:48:08'),
(638, 'USR0064', 'QU067', '0.2', '1', '2022-03-25 06:48:08'),
(639, 'USR0064', 'QU068', '0.2', '1', '2022-03-25 06:48:08'),
(640, 'USR0064', 'QU069', '0.2', '1', '2022-03-25 06:48:08'),
(641, 'USR0064', 'QU070', '0.2', '0', '2022-03-25 06:48:08'),
(642, 'USR0065', 'QU061', '0.2', '1', '2022-03-25 06:49:54'),
(643, 'USR0065', 'QU062', '0.2', '1', '2022-03-25 06:49:54'),
(644, 'USR0065', 'QU063', '0.2', '1', '2022-03-25 06:49:54'),
(645, 'USR0065', 'QU064', '0.2', '1', '2022-03-25 06:49:54'),
(646, 'USR0065', 'QU065', '0.2', '0', '2022-03-25 06:49:54'),
(647, 'USR0065', 'QU066', '0.2', '0', '2022-03-25 06:49:54'),
(648, 'USR0065', 'QU067', '0.2', '0', '2022-03-25 06:49:54'),
(649, 'USR0065', 'QU068', '0.2', '0', '2022-03-25 06:49:54'),
(650, 'USR0065', 'QU069', '0.2', '0', '2022-03-25 06:49:54'),
(651, 'USR0065', 'QU070', '0.2', '0', '2022-03-25 06:49:54'),
(652, 'USR0066', 'QU021', '0.2', '1', '2022-03-25 06:51:19'),
(653, 'USR0066', 'QU022', '0.2', '0', '2022-03-25 06:51:19'),
(654, 'USR0066', 'QU023', '0.2', '1', '2022-03-25 06:51:19'),
(655, 'USR0066', 'QU024', '0.2', '1', '2022-03-25 06:51:19'),
(656, 'USR0066', 'QU025', '0.2', '1', '2022-03-25 06:51:19'),
(657, 'USR0066', 'QU026', '0.2', '1', '2022-03-25 06:51:19'),
(658, 'USR0066', 'QU027', '0.2', '0', '2022-03-25 06:51:19'),
(659, 'USR0066', 'QU028', '0.2', '0', '2022-03-25 06:51:19'),
(660, 'USR0066', 'QU029', '0.2', '0', '2022-03-25 06:51:19'),
(661, 'USR0066', 'QU030', '0.2', '0', '2022-03-25 06:51:19'),
(662, 'USR0067', 'QU051', '0.2', '0', '2022-03-25 06:54:29'),
(663, 'USR0067', 'QU052', '0.2', '1', '2022-03-25 06:54:29'),
(664, 'USR0067', 'QU053', '0.2', '0', '2022-03-25 06:54:29'),
(665, 'USR0067', 'QU054', '0.2', '0', '2022-03-25 06:54:29'),
(666, 'USR0067', 'QU055', '0.2', '0', '2022-03-25 06:54:29'),
(667, 'USR0067', 'QU056', '0.2', '0', '2022-03-25 06:54:29'),
(668, 'USR0067', 'QU057', '0.2', '0', '2022-03-25 06:54:29'),
(669, 'USR0067', 'QU058', '0.2', '1', '2022-03-25 06:54:29'),
(670, 'USR0067', 'QU059', '0.2', '0', '2022-03-25 06:54:29'),
(671, 'USR0067', 'QU060', '0.2', '0', '2022-03-25 06:54:29'),
(672, 'USR0068', 'QU061', '0.2', '0', '2022-03-25 06:57:57'),
(673, 'USR0068', 'QU062', '0.2', '0', '2022-03-25 06:57:57'),
(674, 'USR0068', 'QU063', '0.2', '0', '2022-03-25 06:57:57'),
(675, 'USR0068', 'QU064', '0.2', '0', '2022-03-25 06:57:57'),
(676, 'USR0068', 'QU065', '0.2', '1', '2022-03-25 06:57:57'),
(677, 'USR0068', 'QU066', '0.2', '0', '2022-03-25 06:57:57'),
(678, 'USR0068', 'QU067', '0.2', '0', '2022-03-25 06:57:57'),
(679, 'USR0068', 'QU068', '0.2', '0', '2022-03-25 06:57:57'),
(680, 'USR0068', 'QU069', '0.2', '1', '2022-03-25 06:57:57'),
(681, 'USR0068', 'QU070', '0.2', '1', '2022-03-25 06:57:57'),
(682, 'USR0069', 'QU031', '0.2', '0', '2022-03-25 07:01:59'),
(683, 'USR0069', 'QU032', '0.2', '1', '2022-03-25 07:01:59'),
(684, 'USR0069', 'QU033', '0.2', '0', '2022-03-25 07:01:59'),
(685, 'USR0069', 'QU034', '0.2', '0', '2022-03-25 07:01:59'),
(686, 'USR0069', 'QU035', '0.2', '1', '2022-03-25 07:01:59'),
(687, 'USR0069', 'QU036', '0.2', '0', '2022-03-25 07:01:59'),
(688, 'USR0069', 'QU037', '0.2', '0', '2022-03-25 07:01:59'),
(689, 'USR0069', 'QU038', '0.2', '0', '2022-03-25 07:01:59'),
(690, 'USR0069', 'QU039', '0.2', '0', '2022-03-25 07:01:59'),
(691, 'USR0069', 'QU040', '0.2', '0', '2022-03-25 07:01:59'),
(692, 'USR0070', 'QU061', '0.2', '0', '2022-03-25 07:05:46'),
(693, 'USR0070', 'QU062', '0.2', '0', '2022-03-25 07:05:46'),
(694, 'USR0070', 'QU063', '0.2', '0', '2022-03-25 07:05:46'),
(695, 'USR0070', 'QU064', '0.2', '0', '2022-03-25 07:05:46'),
(696, 'USR0070', 'QU065', '0.2', '1', '2022-03-25 07:05:46'),
(697, 'USR0070', 'QU066', '0.2', '0', '2022-03-25 07:05:46'),
(698, 'USR0070', 'QU067', '0.2', '0', '2022-03-25 07:05:46'),
(699, 'USR0070', 'QU068', '0.2', '1', '2022-03-25 07:05:46'),
(700, 'USR0070', 'QU069', '0.2', '0', '2022-03-25 07:05:46'),
(701, 'USR0070', 'QU070', '0.2', '0', '2022-03-25 07:05:46'),
(702, 'USR0071', 'QU001', '0.2', '0', '2022-03-25 07:08:34'),
(703, 'USR0071', 'QU002', '0.2', '0', '2022-03-25 07:08:34'),
(704, 'USR0071', 'QU003', '0.2', '1', '2022-03-25 07:08:34'),
(705, 'USR0071', 'QU004', '0.2', '0', '2022-03-25 07:08:34'),
(706, 'USR0071', 'QU005', '0.2', '0', '2022-03-25 07:08:34'),
(707, 'USR0071', 'QU006', '0.2', '1', '2022-03-25 07:08:34'),
(708, 'USR0071', 'QU007', '0.2', '1', '2022-03-25 07:08:34'),
(709, 'USR0071', 'QU008', '0.2', '0', '2022-03-25 07:08:34'),
(710, 'USR0071', 'QU009', '0.2', '0', '2022-03-25 07:08:34'),
(711, 'USR0071', 'QU010', '0.2', '0', '2022-03-25 07:08:34'),
(712, 'USR0072', 'QU041', '0.2', '0', '2022-03-25 07:11:38'),
(713, 'USR0072', 'QU042', '0.2', '0', '2022-03-25 07:11:38'),
(714, 'USR0072', 'QU043', '0.2', '0', '2022-03-25 07:11:38'),
(715, 'USR0072', 'QU044', '0.2', '1', '2022-03-25 07:11:38'),
(716, 'USR0072', 'QU045', '0.2', '1', '2022-03-25 07:11:38'),
(717, 'USR0072', 'QU046', '0.2', '1', '2022-03-25 07:11:38'),
(718, 'USR0072', 'QU047', '0.2', '0', '2022-03-25 07:11:38'),
(719, 'USR0072', 'QU048', '0.2', '0', '2022-03-25 07:11:38'),
(720, 'USR0072', 'QU049', '0.2', '0', '2022-03-25 07:11:38'),
(721, 'USR0072', 'QU050', '0.2', '0', '2022-03-25 07:11:38'),
(722, 'USR0073', 'QU021', '0.2', '0', '2022-03-25 07:12:42'),
(723, 'USR0073', 'QU022', '0.2', '0', '2022-03-25 07:12:42'),
(724, 'USR0073', 'QU023', '0.2', '0', '2022-03-25 07:12:42'),
(725, 'USR0073', 'QU024', '0.2', '0', '2022-03-25 07:12:42'),
(726, 'USR0073', 'QU025', '0.2', '1', '2022-03-25 07:12:42'),
(727, 'USR0073', 'QU026', '0.2', '1', '2022-03-25 07:12:42'),
(728, 'USR0073', 'QU027', '0.2', '1', '2022-03-25 07:12:42'),
(729, 'USR0073', 'QU028', '0.2', '0', '2022-03-25 07:12:42'),
(730, 'USR0073', 'QU029', '0.2', '1', '2022-03-25 07:12:42'),
(731, 'USR0073', 'QU030', '0.2', '1', '2022-03-25 07:12:42'),
(732, 'USR0074', 'QU001', '0.2', '0', '2022-03-25 07:13:56'),
(733, 'USR0074', 'QU002', '0.2', '0', '2022-03-25 07:13:56'),
(734, 'USR0074', 'QU003', '0.2', '0', '2022-03-25 07:13:56'),
(735, 'USR0074', 'QU004', '0.2', '0', '2022-03-25 07:13:56'),
(736, 'USR0074', 'QU005', '0.2', '0', '2022-03-25 07:13:56'),
(737, 'USR0074', 'QU006', '0.2', '0', '2022-03-25 07:13:56'),
(738, 'USR0074', 'QU007', '0.2', '1', '2022-03-25 07:13:56'),
(739, 'USR0074', 'QU008', '0.2', '1', '2022-03-25 07:13:56'),
(740, 'USR0074', 'QU009', '0.2', '1', '2022-03-25 07:13:56'),
(741, 'USR0074', 'QU010', '0.2', '1', '2022-03-25 07:13:56'),
(742, 'USR0075', 'QU021', '0.2', '0', '2022-03-25 07:15:12'),
(743, 'USR0075', 'QU022', '0.2', '0', '2022-03-25 07:15:12'),
(744, 'USR0075', 'QU023', '0.2', '0', '2022-03-25 07:15:12'),
(745, 'USR0075', 'QU024', '0.2', '0', '2022-03-25 07:15:12'),
(746, 'USR0075', 'QU025', '0.2', '0', '2022-03-25 07:15:12'),
(747, 'USR0075', 'QU026', '0.2', '0', '2022-03-25 07:15:12'),
(748, 'USR0075', 'QU027', '0.2', '0', '2022-03-25 07:15:12'),
(749, 'USR0075', 'QU028', '0.2', '0', '2022-03-25 07:15:12'),
(750, 'USR0075', 'QU029', '0.2', '0', '2022-03-25 07:15:12'),
(751, 'USR0075', 'QU030', '0.2', '0', '2022-03-25 07:15:12'),
(752, 'USR0076', 'QU031', '0.2', '0', '2022-03-25 07:16:35'),
(753, 'USR0076', 'QU032', '0.2', '0', '2022-03-25 07:16:35'),
(754, 'USR0076', 'QU033', '0.2', '0', '2022-03-25 07:16:35'),
(755, 'USR0076', 'QU034', '0.2', '0', '2022-03-25 07:16:35'),
(756, 'USR0076', 'QU035', '0.2', '1', '2022-03-25 07:16:35'),
(757, 'USR0076', 'QU036', '0.2', '0', '2022-03-25 07:16:35'),
(758, 'USR0076', 'QU037', '0.2', '0', '2022-03-25 07:16:35'),
(759, 'USR0076', 'QU038', '0.2', '0', '2022-03-25 07:16:35'),
(760, 'USR0076', 'QU039', '0.2', '0', '2022-03-25 07:16:35'),
(761, 'USR0076', 'QU040', '0.2', '0', '2022-03-25 07:16:35');

-- --------------------------------------------------------

--
-- Struktur dari tabel `tbl_data_kuesioner`
--

CREATE TABLE `tbl_data_kuesioner` (
  `id_kuesioner` varchar(5) NOT NULL,
  `id_usia` varchar(4) NOT NULL,
  `id_pengetahuan` varchar(4) NOT NULL,
  `pertanyaan` varchar(200) NOT NULL
) ENGINE=InnoDB DEFAULT CHARSET=utf8mb4;

--
-- Dumping data untuk tabel `tbl_data_kuesioner`
--

INSERT INTO `tbl_data_kuesioner` (`id_kuesioner`, `id_usia`, `id_pengetahuan`, `pertanyaan`) VALUES
('QU001', 'RU01', 'CP01', 'Pada waktu bayi terlentang, apakah masing-masing lengan dan tungkai bergerak dengan mudah? Jawaban TIDAK bila salah satu atau kedua tungkai atau lengan bayi bergerak tak terarah/tak terkendali\n'),
('QU002', 'RU01', 'CP04', 'Pada waktu bayi terlentang apakah ia melihat dan menatap wajah anda?'),
('QU003', 'RU01', 'CP03', 'Apakah bayi dapat mengeluarkan suara-suara lain (ngoceh) selain menangis?'),
('QU004', 'RU01', 'CP04', 'Pada waktu anda mengajak bayi berbicara dan tersenyum, apakah ia tersenyum kembali kepada anda'),
('QU005', 'RU01', 'CP03', 'Apakah bayi suka tertawa keras walau tidak digelitik atau diraba-raba?'),
('QU006', 'RU01', 'CP02', 'Ambil wool merah, letakkan di atas wajah di depan mata, gerakkan wool dari samping kiri ke kanan kepala. Apakah ia dapat  mengikuti  gerakan anda dengan menggerakkan kepalanya dari kanan/kiri ke tenga'),
('QU007', 'RU01', 'CP02', 'Ambil wool merah, letakkan di atas wajah di depan mata, gerakkan wool dari samping kiri ke kanan kepala. Apakah ia dapat mengikuti gerakan anda dengan menggerakkan kepalanya dari satu sisi hampir samp'),
('QU008', 'RU01', 'CP01', 'Pada waktu bayi telungkup di alas yang datar, apakah ia dapat mengangkat kepalanya?'),
('QU009', 'RU01', 'CP01', 'Pada waktu bayi telungkup di alas yang datar, apakah ia dapat mengangkat kepalanya sehingga membentuk sudut 45?'),
('QU010', 'RU01', 'CP01', 'Pada waktu bayi telungkup di alas yang datar, apakah ia dapat mengangkat kepalanya dengan tegak?'),
('QU011', 'RU02', 'CP02', 'Ambil wool merah, letakkan di atas wajah di depan mata, gerakkan wool dari samping kiri ke kanan kepala. Apakah ia dapat mengikuti gerakan anda dengan menggerakkan kepala sepenuhnya dari satu ke sisi '),
('QU012', 'RU02', 'CP01', 'Pada posisi bayi terlentang, pegang kedua tangannya lalu tarik perlahan-lahan ke posisi duduk. Dapatkah bayi mempertahankan lehernya secara kaku? Jawab TIDAK bila kepala bayi jatuh kembali.'),
('QU013', 'RU02', 'CP01', 'Ketika bayi telungkup di alas datar, apakah ia dapat mengangkat dada dengan kedua lengannya sebagai penyangga ?'),
('QU014', 'RU02', 'CP01', 'Dapatkah    bayi    mempertahankan    posisi    kepala  dalam keadaan  tegak  dan  stabil?  Jawab  TIDAK  bila  kepala   bayi cenderung jatuh ke kanan/kiri atau ke dadanya.'),
('QU015', 'RU02', 'CP02', 'Sentuhkan pensil di punggung tangan atau ujung jari bayi (jangan meletakkan di atas telapak tangan bayi). Apakah bayi dapat menggenggam pensil itu selama beberapa detik?'),
('QU016', 'RU02', 'CP02', 'Dapatkah bayi mengarahkan matanya pada benda kecil sebesar kacang, kismis atau uang logam? Jawab TIDAK jika ia tidak dapat mengarahkan matanya.'),
('QU017', 'RU02', 'CP02', 'Dapatkah bayi meraih mainan yang diletakkan agak jauh namun masih berada dalam jangkauan tangannya?'),
('QU018', 'RU02', 'CP03', 'Pernahkah bayi mengeluarkan suara gembira bernada tinggi atau memekik tetapi bukan menangis?'),
('QU019', 'RU02', 'CP01', 'Pernahkah bayi berbalik paling sedikit dua kali, dari terlentang ke telungkup atau sebaliknya?'),
('QU020', 'RU02', 'CP04', 'Pernahkah anda melihat bayi tersenyum ketika melihat mainan yang lucu, gambar atau binatang peliharaan pada saat ia bermain sendiri?'),
('QU021', 'RU03', 'CP01', 'Pada posisi bayi telentang, pegang kedua tangannya lalu tarik perlahan-lahan ke posisi duduk.    Dapatkah    bayi  mempertahankan lehernya secara kaku seperti gambar  di sebelah kiri ?	Jawab TIDAK bil'),
('QU022', 'RU03', 'CP02', 'Tarik perhatian bayi dengan memperlihatkan wool merah, kemudian jatuh kan ke lantai. Apakah bayi mencoba mencarinya? Misalnya mencari di bawah meja atau di belakang kursi?'),
('QU023', 'RU03', 'CP01', 'Taruh 2 kubus di atas meja, buat agar bayi dapat memungut masing-masing kubus  dengan  masing-masing  tangan  dan  memegang  satu  kubus   pada masing-masing tangannya\r\n'),
('QU024', 'RU03', 'CP01', 'Taruh kismis di atas meja. Dapatkah bayi memungut dengan tangannya benda-benda kecil seperti kismis, kacang-kacangan, potongan biskuit, dengan gerakan miring atau menggerapai?'),
('QU025', 'RU03', 'CP04', 'Letakkan suatu mainan yang dinginkannya di luar jangkauan bayi, apakah ia mencoba mendapatkannya dengan mengulurkan lengan atau badannya?'),
('QU026', 'RU03', 'CP02', 'Apakah pernah melihat bayi memindahkan mainan atau kue kering dari satu tangan ke tangan yang lain? Benda-benda panjang seperti sendok atau kerincingan bertangkai tidak ikut dinilai.'),
('QU027', 'RU03', 'CP04', 'Apakah bayi dapat makan kue kering sendiri?'),
('QU028', 'RU03', 'CP03', 'Pada waktu bayi bermain sendiri dan ibu diam-diam datang berdiri di belakangnya, apakah ia menengok ke belakang seperti mendengar kedatangan anda? Suara keras tidak ikut dihitung. Jawab YA hanya jika '),
('QU029', 'RU03', 'CP01', 'Jika anda mengangkat bayi melalui ketiaknya ke posisi berdiri, dapatkah ia menyangga sebagian berat badan dengan kedua kakinya? Jawab YA bila ia mencoba berdiri dan sebagian berat badan tertumpu pada '),
('QU030', 'RU03', 'CP01', 'Tanpa disangga oleh bantal, kursi atau dinding, dapatkah bayi duduk sendiri selama 60 detik?'),
('QU031', 'RU04', 'CP02', 'Letakkan pensil di telapak tangan bayi. Coba ambil pensil tersebut dengan perlahan-lahan. Sulitkah anda mendapatkan pensil itu kembali?'),
('QU032', 'RU04', 'CP02', 'Taruh kismis di atas meja. Dapatkah bayi memungut dengan tangannya benda-benda kecil seperti kismis, kacang-kacangan, potongan biskuit, dengan gerakan miring atau menggerapai  ?'),
('QU033', 'RU04', 'CP02', 'Tanpa bantuan,apakah anak dapat mempertemukan dua kubus kecil yang ia pegang?'),
('QU034', 'RU04', 'CP03', 'Sebut 2-3 kata yang dapat ditiru oleh anak (tidak perlu kata-kata yang lengkap). Apakah ia mencoba meniru menyebutkan kata-kata tadi ?'),
('QU035', 'RU04', 'CP04', 'Jika anda bersembunyi di belakang sesuatu/di pojok, kemudian muncul dan menghilang secara berulang-ulang di hadapan anak, apakah ia mencari anda atau mengharapkan anda muncul kembali?'),
('QU036', 'RU04', 'CP01', 'Apakah anak dapat mengangkat badannya ke posisi berdiri tanpa bantuan anda?'),
('QU037', 'RU04', 'CP04', 'Apakah anak dapat membedakan anda dengan orang yang belum ia kenal? Ia akan menunjukkan sikap malu-malu atau ragu-ragu pada saat permulaan bertemu dengan orang yang belum dikenalnya.'),
('QU038', 'RU04', 'CP01', 'Apakah anak dapat duduk sendiri tanpa bantuan?'),
('QU039', 'RU04', 'CP03', 'Apakah anak dapat mengatakan 2 suku kata yang sama, misalnya: ma-ma, da-da atau pa-pa. Jawab YA bila ia  mengeluarkan salah satu suara tadi'),
('QU040', 'RU04', 'CP01', 'Apakah anak dapat berdiri selama 30 detik atau lebih dengan berpegangan pada kursi/meja?'),
('QU041', 'RU05', 'CP02', 'Beri 2 kubus, tanpa bantuan, apakah anak dapat mempertemukan dua kubus kecil yang ia pegang?'),
('QU042', 'RU05', 'CP02', 'Apakah anak anak dapat mengambil benda kecil seperti kacang, kismis, atau potongan biskuit dengan menggunakan ibu jari dan jari telunjuk?'),
('QU043', 'RU05', 'CP01', 'Apakah anak dapat jalan sendiri atau jalan dengan berpegangan?'),
('QU044', 'RU05', 'CP04', 'Tanpa bantuan, apakah anak dapat bertepuk tangan atau melambai- lambai?'),
('QU045', 'RU05', 'CP03', 'Jawab TIDAK bila ia membutuh kan bantuan Apakah anak dapat mengatakan \"papa\" ketika ia memanggil/melihat ayahnya, atau mengatakan \"mama\" jika memanggil/melihat ibunya?'),
('QU046', 'RU05', 'CP04', 'Jawab YA bila anak mengatakan salah satu diantaranya Apakah anak dapat menunjukkan apa yang diinginkannya tanpa menangis atau merengek? Jawab YA bila ia menunjuk, menarik atau mengeluarkan suara yang '),
('QU047', 'RU05', 'CP01', 'Apakah anak dapat berdiri sendiri tanpa berpegangan selama kira-kira 5 detik?'),
('QU048', 'RU05', 'CP01', 'Apakah anak dapat berdiri sendiri tanpa berpegangan selama 30 detik atau lebih?'),
('QU049', 'RU05', 'CP01', 'Taruh kubus di lantai, tanpa berpegangan atau menyentuh lantai, apakah anak dapat membungkuk untuk memungut kubus di lantai dan kemudian berdiri kembali?'),
('QU050', 'RU05', 'CP01', 'Apakah anak dapat berjalan di sepanjang ruangan tanpa jatuh atau terhuyung-huyung?'),
('QU051', 'RU06', 'CP02', 'Letakkan kismis diatas meja dekat anak, apakah anak dapat mengambil dengan ibu jari dan telunjuk?'),
('QU052', 'RU06', 'CP02', 'Gelindingkan bola tenis ke arah anak, apakah dapat mengelindingkan /melempar bola kembali kepada anak?'),
('QU053', 'RU06', 'CP04', 'Apakah anak dapat bertepuk tangan atau melambaikan tangan tanpa bantuan?'),
('QU054', 'RU06', 'CP03', 'Apakah anak dapat mengatakan papa ketika melihat atau memanggil ayahnya atau mengatakan mama ketika melihat atau memanggil ibunya?'),
('QU055', 'RU06', 'CP04', 'Apakah anak dapat menunjukkan apa yang diingikan tanpa menangis atau merengek?'),
('QU056', 'RU06', 'CP04', 'Apakah anak dapat minum dari cangkir/gelas sendiri tanpa tumpah?'),
('QU057', 'RU06', 'CP01', 'Apakah anak dapat berdiri kira-kira 5 detik tanpa pegangan?'),
('QU058', 'RU06', 'CP01', 'Apakah anak dapat berdiri kira kira lebih dari 30 detik tanpa pegangan?'),
('QU059', 'RU06', 'CP01', 'Letakkan kubus di lantai, minta anak memungut, apakah anak dapat memungut dan berdiri kembali tanpa berpegangan?'),
('QU060', 'RU06', 'CP01', 'Minta anak berjalan sepanjang ruangan, dapatkan ia berjalan tanpa terhunyung/jatuh?'),
('QU061', 'RU07', 'CP02', 'Letakkan kismis diatas meja dekat anak, apakah anak dapat mengambil dengan ibu jari dan telunjuk?'),
('QU062', 'RU07', 'CP02', 'Gelindingkan bola tenis ke arah anak, apakah dapat mengelindingkan/melempar bola kembali kepada anak?'),
('QU063', 'RU07', 'CP02', 'Beri kubus didepannya. Minta anak meletakkan 1 kubus diatas kubus lainnya (1 tingkat saja)'),
('QU064', 'RU07', 'CP04', 'Apakah anak dapat menunjukkan apa yang diinginkan tanpa menangis atau merengek?'),
('QU065', 'RU07', 'CP04', 'Apakah anak dapat minum dari cangkir/gelas sendiri tanpa tumpah?'),
('QU066', 'RU07', 'CP04', 'Apakah anak suka meniru bila ibu sedang melakukan pekerjaan rumah tangga (menyapu, mencuci, dll)'),
('QU067', 'RU07', 'CP03', 'Apakah anak dapat mengucapkan minimal 3 kata yang mempunyai arti (selain kata mama dan papa)?'),
('QU068', 'RU07', 'CP01', 'Apakah anak pernah berjalan mundur minimal 5 langkah?'),
('QU069', 'RU07', 'CP01', 'Coba berdirikan anak, Letakkan kubus di lantai, minta anak memungut, apakah anak dapat memungut dan berdiri kembali tanpa berpegangan?'),
('QU070', 'RU07', 'CP01', 'Minta anak berjalan sepanjang ruangan, dapatkan ia berjalan tanpa terhunyung/jatuh?'),
('QU071', 'RU08', 'CP02', 'Apakah anak dapat meletakkan satu kubus di atas kubus yang lain tanpa menjatuhkan kubus itu?'),
('QU072', 'RU08', 'CP03', 'Tanpa bimbingan, petunjuk, atau bantuan anda, dapatkah anak menunjuk dengan benar paling sedikit satu bagian badannya (rambut, mata, hidung, mulut, atau bagian badan yang lain)?'),
('QU073', 'RU08', 'CP04', 'Apakah anak suka meniru bila ibu sedang melakukan pekerjaan rumah tangga (menyapu, mencuci, dll)?'),
('QU074', 'RU08', 'CP03', 'Apakah anak dapat mengucapkan paling sedikit 3 kata yang mempunyai arti selain \"papa\" dan \"mama\"?'),
('QU075', 'RU08', 'CP01', 'Apakah anak berjalan mundur 5 langkah atau lebih tanpa kehilangan keseimbangan? (Anda mungkin dapat melihatnya ketika anak menarik mainannya)'),
('QU076', 'RU08', 'CP02', 'Dapatkah anak melepas pakaiannya seperti : Baju, Rok, atau celananya ?'),
('QU077', 'RU08', 'CP01', 'Dapatkah anak berjalan naik tangga sendiri? Jawab YA jika ia naik tangga dengan posisi tegak atau berpegangan pada dinding atau pegangan tangga. Jawab TIDAK jika ia naik tangga dengan merangkak atau a'),
('QU078', 'RU08', 'CP04', 'Dapatkah anak makan nasi sendiri tanpa banyak tumpah?'),
('QU079', 'RU08', 'CP03', 'Dapatkah anak  membantu memungt mainannya sendiri atau membantu mengangkat piring jika diminta?'),
('QU080', 'RU08', 'CP01', 'Letakkan bola tenis di depan kakinya. Apakah dia dapat menendangnya, tanpa berpegangan pada apapun?');

-- --------------------------------------------------------

--
-- Struktur dari tabel `tbl_data_pengetahuan`
--

CREATE TABLE `tbl_data_pengetahuan` (
  `id_pengetahuan` varchar(4) NOT NULL,
  `aspek_perkembangan` varchar(50) NOT NULL,
  `MB` varchar(15) NOT NULL,
  `MD` varchar(15) NOT NULL,
  `CFpakar` varchar(10) NOT NULL
) ENGINE=InnoDB DEFAULT CHARSET=utf8mb4;

--
-- Dumping data untuk tabel `tbl_data_pengetahuan`
--

INSERT INTO `tbl_data_pengetahuan` (`id_pengetahuan`, `aspek_perkembangan`, `MB`, `MD`, `CFpakar`) VALUES
('CP01', 'Gerak Kasar', '0,7', '0,5', '0.2'),
('CP02', 'Gerak Halus', '0,7', '0,5', '0.2'),
('CP03', 'Bicara dan Bahasa', '0,8', '0,6', '0.2'),
('CP04', 'Sosialisasi dan Kemandirian', '0,6', '0,4', '0.2');

-- --------------------------------------------------------

--
-- Struktur dari tabel `tbl_data_stimulasi`
--

CREATE TABLE `tbl_data_stimulasi` (
  `id_stimulasi` varchar(7) NOT NULL,
  `id_usia` varchar(4) NOT NULL,
  `id_pengetahuan` varchar(4) NOT NULL,
  `stimulasi` varchar(500) NOT NULL
) ENGINE=InnoDB DEFAULT CHARSET=utf8mb4;

--
-- Dumping data untuk tabel `tbl_data_stimulasi`
--

INSERT INTO `tbl_data_stimulasi` (`id_stimulasi`, `id_usia`, `id_pengetahuan`, `stimulasi`) VALUES
('STM0001', 'RU01', 'CP01', 'Gangguan Motorik Kasar - Mengangkat Kepala 45, letakkan bayi pada posisi telungkup. Gerakkan mainan atau buat suara-suara gembira didepan bayi sehingga ia akan belajar mengangkat kepalanya. Secara berangsur-angsur bayi akan menggunakan kedua lengannya untuk mengangkat kepala dan dadanya. Menahan kepala tetap tegak, gendong bayi dalam posisi tegak agar ia dapat belajar menahan kepalanya tetap tegak.     '),
('STM0002', 'RU01', 'CP02', 'Gangguan Motorik Halus - Melihat, meraih dan menendang mainan gantung, gantungkan mainan/benda pada tali diatas bayi dengan jarak 30 cmatau sekitar 2 jengkal tangan orang dewasa, bayi akan tertarik dan melihat sehingga menggerakkan tangan dan kakinya sebagai reaksi, pastikan benda tersebut tidak bisa dimasukkan ke mulut bayi dan tidak akan terlepas dari ikatan   '),
('STM0003', 'RU01', 'CP03', 'Gangguan Bicara dan Bahasa - Mengajak bayi tersenyum, berbicara dan mengenali berbagai suara seperti suara orang, binatang, radio dan segalanya, tirukan ocehan bayi sesering mungkin agar terjadi komunikasi dan interaksi.   '),
('STM0004', 'RU01', 'CP04', 'Gangguan Sosialisasi dan Kemandirian - Peluk dan belai bayi sesering mungkin, ketika menidurkan bayi bersenandunglah dengan nada lembut dan penuh kasih sayang, meniru ocehan dan mimik wajah bayi, menenangkan bayi dengan mengayunkan bayi sambil bernyanyi, ajak bayi mengamati benda-benda dan keadaan sekitar.  '),
('STM0005', 'RU02', 'CP01', 'Gangguan Motorik Kasar - Angkat badan bayi melalui bawah ketiaknya ke posisi berdiri. Perlahan-lahan turunkan badan bayi hingga kedua kaki menyentuh meja, tempat tidur atau pangkuan anda. Coba agar bayi mau mengayunkan badannya dengan gerakan naik turun serta menyangga sebagian berat badannya dengan kedua kaki bayi. '),
('STM0006', 'RU02', 'CP02', 'Gangguan Motorik Halus - Letakkan sebuah mainan kecil yang berbunyi atau berwarna cerah di tangan bayi. Setelah bayi menggenggam mainan tersebut, tarik pelan-pelan untuk melatih bayi memegang benda dengan kuat.  '),
('STM0007', 'RU02', 'CP03', 'Gangguan Bicara dan Bahasa - Ketika berbicara dengan bayi, ulangi beberapa kata berkali-kali dan usahakan agar bayi menirukannya. Yang paling mudah ditirukan oleh bayi adalah kata yang menggunakan huruf vocal dan gerakan bibir. Contohnya: papa, mama, baba.  '),
('STM0008', 'RU02', 'CP04', 'Gangguan Sosialisasi dan Kemandirian - Bermain \"Cilluk-ba\" , Tutup wajah sampai tertutup semua bagian wajah anda dan buka secara tiba-tiba untuk dilihat bayi. Cara lain adalah mengintip bayi dari balik pintu atau tempat tidumya. '),
('STM0009', 'RU03', 'CP01', 'Gangguan Motorik Kasar - Ketika bayi telah mampu berdiri, letakkan mainan yang disukainya didepan bayi dan jangan terlalu jauh. Buat agar bayi mau berjalan berpegangan pada ranjangnya atau perabot rumah tangga untuk mencapai mainan tersebut. Letakkan sebuah mainan di luar jangkauan bayi, usahakan agar ia mau merangkak kearah mainan dengan menggunakan kedua tangan dan lututnya. '),
('STM0010', 'RU03', 'CP02', 'Gangguan Motorik Halus - Sediakan krayon/pensil berwarna dan kertas bekas di atas meja. Dudukkan bayi dipangkuan anda, bantu bayi agar ia dapat memegang krayon/pensil dan ajarkan bagaimana mencoret-coret kertas. Buat mainan dari karton bekas/kotak/gelas plastik tertutup yang mengapung di air. Biarkan bayi main dengan mainan tersebut ketika mandi. Jangan biarkan bayi sendirian ketika mandi/main di air. '),
('STM0011', 'RU03', 'CP03', 'Gangguan Bicara dan Bahasa - Pilih gambar-gambar menarik yang berwarna warni (misal : gambar binatang, kendaraan, meja, gelas dan sebagainya) dari buku/majalah bergambar yang sudah tidak terpakai. Sebut nama gambar yang anda tunjukkan kepada bayi. Lakukan stimulasi ini setiap hari dalam beberapa menit saja. Sebutkan dengan cara yang benar sesuai ejaan dan tidak cadel. '),
('STM0012', 'RU03', 'CP04', 'Gangguan Sosialisasi dan Kemandirian - Ajak bayi bermain dengan orang lain. Ketika ayah pergi lambaikan tangan ke bayi sambil berkata da...daag. bantu bayi dengan gerakan membalas melambaikan tangannya. Setelah ia mengerti permainan tersebut, coba agar bayi mau menggerakkan tangannya sendiri ketika mengucapkan kata-kata seperti diatas. '),
('STM0013', 'RU04', 'CP01', 'Gangguan Motorik Kasar - Stimulasi yang perlu dilakukan:  Merangkak, Berdiri, Berjalan sambil berpegangan, Berjalan dengan bantuan '),
('STM0014', 'RU04', 'CP02', 'Gangguan Motorik Halus - Ajari bayi menyusun beberapa balok/kotak besar. Balok/kotak dapat dibuat dari karton atau potongan-potongan kayu bekas. Benda lain yang bisa dipakai adalah beberapa kaleng kecil (kosong) atau mainan. '),
('STM0015', 'RU04', 'CP03', 'Gangguan Bicara dan Bahasa - Setiap hari bicara kepada bayi. Sebutkan kata-kata yang telah diketahui artinya, seperti: minum susu, mandi, tidur, kue, makan, kucing dll. Buat agar bayi mau menirukan kata-kata tersebut. Bila bayi mau mengatakan, puji ia, kemudian sebutkan kata itu lagi dan buat agar ia mau mengulanginya. '),
('STM0016', 'RU04', 'CP04', 'Gangguan Sosialisasi dan Kemandirian - Ajari bayi untuk mengambil sendiri mainan yang letaknya agak jauh dengan cara meraih, menarik ataupun mendorong badannya supaya dekat dengan mainan tersebut. Letakkan mainan yang bertali agak jauh, ajari bayi cara menarik tali untuk mendapatkan mainan tersebut. Simpan mainan bertali tersebut jika anda tidak dapat mengawasi bayi. '),
('STM0017', 'RU05', 'CP01', 'Gangguan Motorik Kasar - Bila anak sudah bisa merangkak naik dan melangkah turun tangga, ajari anak cara jalan naik tangga sambll berpegang an pada dinding atau pegangan tangga. Tetap bersama anak ketlka ia melakukan hal ini untuk pertama kalinya. '),
('STM0018', 'RU05', 'CP02', 'Gangguan Motorik Halus - Ajari anak cara memasukkan benda benda ke dalam wadah seperti kotak, pot bunga, botol dan lain-lain. Tunjukkan bagaimana mengeluarkannya dari wadah. Ajak anak bermain memasukkan dan mengeluarkan benda-benda tersebut. '),
('STM0019', 'RU05', 'CP03', 'Gangguan Bicara dan Bahasa - Buat suara dari kaleng kue, kerincingan atau kayu pegangan sapu. ajak anak membuat suara dari barang yang dipilihnya misal memukul-mukul sendok ke kaleng, menggoyang-goyang kerincingan atau memukul-mukul potongan kayu, untuk menciptakan \"musik\". '),
('STM0020', 'RU05', 'CP04', 'Gangguan Sosialisasi dan Kemandirian - Tunjukkan kepada anak cara melepas pakaiannya. Mula-mula bantu anak dengan cara membukakan kancing bajunya, melepas sepatunya, atau menarik kaus/blus meliwati kepala anak. '),
('STM0021', 'RU06', 'CP01', 'Gangguan Motorik Kasar - Menangkap dan melempar bola. Tunjukkan kepada anak cara melempar sebuah bola besar, kemudian cara menangkap bola tersebut. Bila anak bisa melempar bola ukuran besar, ajari anak melempar bola yang ukurannya lebih kecil. '),
('STM0022', 'RU06', 'CP02', 'Gangguan Motorik Halus - Sediakan mangkuk atau kotak plastik dari berbagai ukuran. Tunjukkan kepada anak cara meletakkan mangkuk yang ukurannya lebih kecil ke mangkuk lebih besar. Buat agar anak mau melakukannya sendiri. Pilih benda-benda yang tidak pecah. '),
('STM0023', 'RU06', 'CP03', 'Gangguan Bicara dan Bahasa - Simulasi yang perlu dilakukan:  Berbicara, menjawab pertanyaan, Menunjuk dan menyebutkan gambar-gambar. '),
('STM0024', 'RU06', 'CP04', 'Gangguan Sosialisasi dan Kemandirian - Sering bawa anak ke tempat-tempat umum seperti: kebun binatang, pusat perbelanjaan, terminal bis, museum, stasiun kereta api, lapangan terbang, taman, tempat bermain dan sebagainya. Bicarakan mengenai benda-benda yang anda lihat. '),
('STM0025', 'RU07', 'CP01', 'Gangguan Motorik Kasar - Ajari anak cara berdiri dengan satu kaki secara bergantian. la mungkin perlu berpegangan kepada anda atau kursi ketika ia melakukan untuk pertama kalinya. Usahakan agar anak menjadi terbiasa dan dapat berdiri dengan seimbang dalam waktu yang lebih lama setiap kali ia mengulangi permainan ini. '),
('STM0026', 'RU07', 'CP02', 'Gangguan Motorik Halus - Stimulasi yang perlu dilakukan :  Dorong agar anak mau main balok balok, memasukkan benda yang satu ke dalam benda lainnya, Menggambar dengan crayon, spidol, pensil berwarna, Menggambar pakai tangan. '),
('STM0027', 'RU07', 'CP03', 'Gangguan Bicara dan Bahasa - Biarkan anak melihat acara anak-anak di televisi.Dampingi anak dan bicarakan apa yang dilihatnya. Pilih acara yang bermutu dan sesuai dengan perkembangan anak dan batasi agar anak melihat televisi tidak lebih dari 1 jam sehari. '),
('STM0028', 'RU07', 'CP04', 'Gangguan Sosialisasi dan Kemandirian - Usahakan agar anak bermain dengan teman sebaya misalnya bermain petak umpet. Dengan bermain seperti ini, anak akan belajar bagaimana mengikuti aturan permainan den giliran bermain dengan teman-temannya. '),
('STM0029', 'RU08', 'CP01', 'Gangguan Motorik Kasar - Mendorong mainan dengan kaki. Biarkan anak mencoba mainan yang perlu didorong dengan kakinya agar mainan itu dapat bergerak maju.'),
('STM0030', 'RU08', 'CP02', 'Gangguan Motorik Halus - Bermain puzzle. Beri anak permainan puzzle sederhana, yang hanya terdiri dari 2-3 potong saja. Puzzle semacam itu dapat dibeli atau dibuat sendiri dari sepotong karton yang diberi gambar, kemudian dipotong-potong menjadi 2 atau 3 bagian. '),
('STM0031', 'RU08', 'CP03', 'Gangguan Bicara dan Bahasa - Mengerjakan perintah sederhana mulai memberi perintah kepada anak.\"Tolong bawakan kaus kaki merah\",ATAU \"Letakkan cangkirmu di meja\". Tunjukkan kepada anak cara mengerjakan perintah tadi,gunakan kata kata yang sederhana. '),
('STM0032', 'RU08', 'CP04', 'Gangguan Sosialisasi dan Kemandirian - Biarkan anak memakai pakaiannya sendiri sejauh yang dapat dilakukannya. Setelah belajar lebih banyak mengenal hal ini, berangsur-angsur ia akan mau melakukan sendiri tanpa dibantu. ');

-- --------------------------------------------------------

--
-- Struktur dari tabel `tbl_data_user`
--

CREATE TABLE `tbl_data_user` (
  `id_user` varchar(7) NOT NULL,
  `nama_bayi` varchar(50) NOT NULL,
  `tanggal_lahir` varchar(30) NOT NULL,
  `id_usia` varchar(4) NOT NULL,
  `nama_ibu` varchar(30) NOT NULL,
  `nama_ayah` varchar(30) NOT NULL,
  `no_telp` varchar(30) NOT NULL,
  `alamat` varchar(200) NOT NULL
) ENGINE=InnoDB DEFAULT CHARSET=utf8mb4;

--
-- Dumping data untuk tabel `tbl_data_user`
--

INSERT INTO `tbl_data_user` (`id_user`, `nama_bayi`, `tanggal_lahir`, `id_usia`, `nama_ibu`, `nama_ayah`, `no_telp`, `alamat`) VALUES
('USR0001', 'Alya Farhana', '2021-10-21', 'RU02', 'Ririk', 'Najibudin', '085816352664', 'RT 02 RW 06 Krajan Kidul Yosorati Sumberbaru'),
('USR0002', 'Hana Wardatul', '2021-01-13', 'RU05', 'Nur Aeni', 'Moh Yasin', '089098890978', 'RT 02 RW 06 Krajan Kidul Yosorati Sumberbaru'),
('USR0003', 'Arsila', '2021-06-21', 'RU04', 'Farida', 'Surya', '087765678909', 'RT 03 RW 06 Krajan Kidul Yosorati Sumberbaru'),
('USR0004', 'M Aldiansyah', '2021-09-20', 'RU02', 'Subaidah', 'Edi', '098890987765', 'RT 02 RW 06 Krajan Kidul Yosorati Sumberbaru'),
('USR0005', 'Putri Nafisa', '2021-05-18', 'RU04', 'Rusmini', 'Purnomo', '087765678909', 'RT 02 RW 06 Krajan Kidul Yosorati Sumberbaru'),
('USR0006', 'Faizar', '2020-04-14', 'RU04', 'Musyarofah', 'Rohman', '085816352664', 'RT 01 RW 08 Krajan Lor Yosorati Sumberbaru'),
('USR0007', 'Qyara', '2020-06-25', 'RU03', 'Hasanah', 'Anton', '087765678909', 'Krajan Lor RT 01 RW 14'),
('USR0008', 'Fawaz syawal', '2020-06-01', 'RU03', 'Devita', 'Sigit', '089098890978', 'Krajan Lor RT 01 RW 14'),
('USR0009', 'Maulida', '2020-02-05', 'RU05', 'Nurlina', 'Hasan', '089098890978', 'Krajan Lor RT 01 RW 14'),
('USR0010', 'Aditya Ainur', '2019-11-18', 'RU06', 'Wiwik', 'Mukhlisin', '085816352664', 'Krajan Lor RT 03 RW 13'),
('USR0011', 'Elsyabani Maurinda', '2019-04-13', 'RU08', 'Ita', 'Egran', '087765678909', 'Krajan Kidul RT 03 RW 01'),
('USR0012', 'M Andaresta', '2019-12-06', 'RU06', 'Siti Amina', 'Herman', '087765678909', 'Krajan Kidul RT 03 RW 06'),
('USR0013', 'Moh Aska', '2022-01-21', 'RU01', 'Halimatus S', 'Mustofa', '087765678909', 'Krajan Kidul RT 03 RW 06'),
('USR0014', 'Aska Diana ', '2020-02-21', 'RU05', 'Ika Fatmawati', 'Mat Bakri', '087765678909', 'Krajan Kidul RT 03 RW 06'),
('USR0015', 'Siti Nuraisah', '2019-04-04', 'RU08', 'Uswatun', 'Rokib', '087765678909', 'Krajan Kidul RT 03 RW 06'),
('USR0016', 'Azter Mazoya', '2019-12-06', 'RU06', 'Ummalatul', 'Hendri', '087765678909', 'Krajan Kidul RT 02 RW 06'),
('USR0017', 'Zaina Salsabela', '2020-01-21', 'RU07', 'Heni', 'Muh Fikri', '089098890978', 'Krajan Kidul RT 03 RW 13'),
('USR0018', 'Muhammad Hasan', '2021-05-17', 'RU04', 'Sri Wahyuni', 'Moh Tholib', '089098890978', 'Krajan Lor RT 03 RW 13'),
('USR0019', 'Khadi Fadliansyah', '2022-01-17', 'RU01', 'Dwi', 'Abdul Bakri', '089098890978', 'Krajan Lor RT 02 RW 14'),
('USR0020', 'Bilqis', '2021-01-21', 'RU05', 'Elok', 'Fikri', '089098890978', 'Krajan Kidul RT 03 RW 13'),
('USR0021', 'Ahmad Ali Fahresi', '2022-01-07', 'RU01', 'Sri ', 'Jumali', '089098890978', 'Krajan Kidul RT 03 RW 06'),
('USR0022', 'Radeva Gibran', '2020-12-06', 'RU02', 'Nike Sulfiana', 'Khofi Rijal', '089098890978', 'Krajan Kidul RT 02 RW 06'),
('USR0023', 'Shanum Rizqi', '2020-05-27', 'RU04', 'Dewi Astutik', 'Rusfandi', '089098890978', 'Krajan Kidul RT 03 RW 13'),
('USR0024', 'Safa Nur Syaidah', '2020-12-06', 'RU02', 'Hamidah', 'Moch Syahid', '089098890978', 'Krajan Kidul RT 03 RW 13'),
('USR0025', 'Neyma Aunatul', '2020-03-17', 'RU05', 'Fitria Watiningsih', 'Budi', '087765678909', 'Krajan Kidul RT 03 RW 13'),
('USR0026', 'Maulidya', '2020-11-10', 'RU04', 'Lailatul Fitria', 'Zainul Hakim', '089098890978', 'Krajan Kidul RT 03 RW 13'),
('USR0027', 'Moh Khoirul', '2020-05-15', 'RU03', 'Sumawati', 'Moh Baiman', '087765678909', 'Krajan Kidul Yosorati'),
('USR0028', 'Moh Fais', '2019-04-28', 'RU08', 'Marsu\'ah', 'Moh Rohim', '087765678909', 'Dusun Krajan Kidul'),
('USR0029', 'Aisyah Syafira', '2020-12-28', 'RU05', 'Siti', 'Samsul', '087765678909', 'Dusun Krajan Lor'),
('USR0030', 'Amanda Zhevania', '2021-11-12', 'RU02', 'Safira', 'Zainul', '089098890978', 'Dusun Krajan Lor'),
('USR0031', 'Faizul Mubin', '2021-11-28', 'RU02', 'Lira Eka', 'Ramdan', '089098890978', 'Dusun Krajan Kidul'),
('USR0032', 'M Ilham', '2020-08-05', 'RU07', 'Kuswana', 'Nursalam', '087765678909', 'Dusun Krajan Kidul'),
('USR0033', 'Moh Haikal', '2021-12-11', 'RU02', 'Hoiril Waro', 'Arif', '087765678909', 'Dusun Krajan Lor'),
('USR0034', 'Sabrina Anindita', '2021-12-11', 'RU02', 'Ita Fatmawati', 'Deni', '087765678909', 'Dusun Krajan Kidul'),
('USR0035', 'Amira', '2021-01-01', 'RU05', 'Novitasari', 'Paiman', '089098890978', 'Dusun Krajan Lor'),
('USR0036', 'Khalid Maulana', '2021-12-07', 'RU05', 'Dwi Ria', 'Abdul Bakri', '089098890978', 'Dusun Krajan Lor'),
('USR0037', 'Moh Yazan', '2021-03-25', 'RU04', 'Uswatun Hasana', 'Porwadi', '087765678909', 'Sumberbaru '),
('USR0038', 'Putri Afifah', '2020-06-17', 'RU06', 'Nur Kholifah', 'Moh Gofar', '087765678909', 'Dusun Krajan Kidul'),
('USR0039', 'Ahmad Ridwan', '2020-03-09', 'RU04', 'Hamida', 'Alim ', '089098890978', 'Dusun Krajan Kidul'),
('USR0040', 'Nur Aini Azzahra', '2020-07-07', 'RU03', 'Tumini', 'Mansyur', '087765678909', 'Dusun Krajan Kidul'),
('USR0041', 'Farhan Abbas', '2019-04-25', 'RU08', 'Tamami', 'Ahmad', '089098890978', 'Dusun Krajan Kidul'),
('USR0042', 'Fahrul Azam', '2020-04-24', 'RU03', 'Nurhadiyah', 'Nurhasan', '087765678909', 'Dusun Krajan Kidul'),
('USR0043', 'Raina Zahra', '2020-03-24', 'RU04', 'Diska', 'Murjito', '087765678909', 'Dusun Krajan Kidul'),
('USR0044', 'Khanza', '2019-04-10', 'RU08', 'Siti Maimuna', 'Faur Nawal', '087765678909', 'Dusun Krajan Kidul'),
('USR0045', 'M Hamdan', '2020-01-15', 'RU04', 'Ade Yuni ', 'Lukman', '085816352664', 'Dusun Krajan Kidul'),
('USR0046', 'Nur Fitria', '2020-05-24', 'RU04', 'Wahyuni', 'Suhar', '089098890978', 'Dusun Krajan Kidul'),
('USR0047', 'Zicko Dzakir', '2020-01-24', 'RU05', 'Sutik', 'Abd Wafi', '087765678909', 'Dusun Krajan Kidul'),
('USR0048', 'Malika Sintiyana', '2020-11-27', 'RU08', 'Siti Fatima', 'Mustamaji', '089098890978', 'Dusun Krajan Kidul'),
('USR0049', 'Syaidah Mur Afifah', '2020-09-10', 'RU07', 'Sulis', 'Jerem', '089098890978', 'Dusun Krajan Kidul'),
('USR0050', 'Malika Ahmadia', '2020-06-12', 'RU07', 'Titin Tiana', 'Ahmadi', '089098890978', 'Dusun Krajan Kidul'),
('USR0051', 'Labibah Putri', '2020-04-17', 'RU08', 'Wiwik ', 'Bambang ', '089098890978', 'Dusun Krajan Kidul'),
('USR0052', 'Syarofah Puji Maulidya', '2020-10-30', 'RU06', 'Syarofah', 'Edi Puji', '085816352664', 'Dusun Krajan Kidul'),
('USR0053', 'Fahri Maulana', '2021-05-19', 'RU03', 'Nurhami', 'Dul Halem', '089098890978', 'Dusun Krajan Kidul'),
('USR0054', 'Tanisha Zahra', '2022-01-12', 'RU01', 'Nur Syarifah', 'Sugeng', '087765678909', 'Dusun Krajan Kidul'),
('USR0055', 'Andrean', '2021-12-28', 'RU02', 'Erik', 'Ruswanto', '087765678909', 'Dusun Krajan Kidul'),
('USR0056', 'Artha Nabil', '2021-10-25', 'RU03', 'Susilowati', 'Memet', '089098890978', 'Dusun Krajan Kidul'),
('USR0057', 'Muhammad Kevin', '2021-07-06', 'RU04', 'Pujiwati', 'Harun', '087765678909', 'Dusun Krajan Kidul'),
('USR0058', 'Muhammad Abror', '2021-07-14', 'RU03', 'Diana', 'Kasman', '089098890978', 'Dusun Krajan Kidul'),
('USR0059', 'Alifa', '2021-04-13', 'RU04', 'Ida Astutik', 'Sahroni', '089098890978', 'Dusun Krajan Kidul'),
('USR0060', 'Maulana Syahril ', '2021-07-09', 'RU04', 'Hotima', 'Syahroni', '087765678909', 'Dusun Krajan Kidul'),
('USR0061', 'Almaira Mahudina Putri', '2021-08-09', 'RU03', 'Nurul Khomariyah', 'Nurul Naimahudin', '087765678909', 'Dusun Krajan Kidul'),
('USR0062', 'Ryan Safiri', '2021-10-12', 'RU02', 'Yeti Fadilah', 'Safiri', '089098890978', 'Dusun Krajan Kidul'),
('USR0063', 'Ahmad Ainur', '2020-06-30', 'RU07', 'Susitanti ', 'Mustakim', '089098890978', 'Dusun Krajan Kidul'),
('USR0064', 'Farizki Ramadhan', '2020-05-20', 'RU07', 'Septia ', 'Supardi', '087765678909', 'Dusun Krajan Kidul'),
('USR0065', 'Zahrotul Mashuro', '2020-10-24', 'RU07', 'Musrifa', 'Taher', '089098890978', 'Dusun Krajan Kidul'),
('USR0066', 'Laudia Sintia ', '2021-09-29', 'RU03', 'Siti Marsua', 'Muhammat Rohim', '087765678909', 'Dusun Krajan Kidul'),
('USR0067', 'Abdullah Dais', '2019-12-15', 'RU06', 'Mabruroh', 'A bukhori', '089098890978', 'Dusun Krajan Kidul'),
('USR0068', 'Moh Aqil', '2020-07-10', 'RU07', 'Bumiati', 'Slamet', '087765678909', 'Dusun Krajan Kidul'),
('USR0069', 'Ramadhan', '2021-03-25', 'RU04', 'Parmi', 'Shri', '089098890978', 'Dusun Krajan Kidul'),
('USR0070', 'Alifia Sisdul', '2020-06-10', 'RU07', 'Nurwati', 'Abdul Manan', '087765678909', 'Dusun Krajan Kidul'),
('USR0071', 'Ramadhan', '2022-01-12', 'RU01', 'Sri ', 'Egan', '089098890978', 'Dusun Krajan Kidul'),
('USR0072', 'Maulana Syahrul', '2021-02-13', 'RU05', 'Nur Safira', 'A bukhori', '087765678909', 'Dusun Krajan Lor'),
('USR0073', 'Ramadhani', '2021-09-25', 'RU03', 'Siti Nur', 'Ahmad', '089098890978', 'Dusun Krajan Lor'),
('USR0074', 'Maulida', '2022-01-15', 'RU01', 'SIti Nur Asiyah', 'Sahroni', '087765678909', 'Dusun Krajan Lor'),
('USR0075', 'Ahmad Ali ', '2021-06-24', 'RU03', 'Ida', 'Syaiful', '089098890978', 'Dusun Krajan Lor'),
('USR0076', 'Elsyabani Maulida', '2021-03-30', 'RU04', 'Salma', 'Syaiful Anwar', '089098890978', 'Dusun Krajan Lor');

-- --------------------------------------------------------

--
-- Struktur dari tabel `tbl_data_usia`
--

CREATE TABLE `tbl_data_usia` (
  `id_usia` varchar(4) NOT NULL,
  `usia` varchar(30) NOT NULL
) ENGINE=InnoDB DEFAULT CHARSET=utf8mb4;

--
-- Dumping data untuk tabel `tbl_data_usia`
--

INSERT INTO `tbl_data_usia` (`id_usia`, `usia`) VALUES
('RU01', '0 - 3'),
('RU02', '4 - 6'),
('RU03', '7 - 9'),
('RU04', '10 - 12'),
('RU05', '13 - 15'),
('RU06', '16 - 18'),
('RU07', '19 - 21'),
('RU08', '22 - 24');

--
-- Indexes for dumped tables
--

--
-- Indeks untuk tabel `tbl_admin`
--
ALTER TABLE `tbl_admin`
  ADD PRIMARY KEY (`id_admin`);

--
-- Indeks untuk tabel `tbl_data_konsultasi`
--
ALTER TABLE `tbl_data_konsultasi`
  ADD PRIMARY KEY (`id_konsultasi`),
  ADD KEY `id_user` (`id_user`);

--
-- Indeks untuk tabel `tbl_data_kuesioner`
--
ALTER TABLE `tbl_data_kuesioner`
  ADD PRIMARY KEY (`id_kuesioner`),
  ADD KEY `id_usia` (`id_usia`);

--
-- Indeks untuk tabel `tbl_data_pengetahuan`
--
ALTER TABLE `tbl_data_pengetahuan`
  ADD PRIMARY KEY (`id_pengetahuan`);

--
-- Indeks untuk tabel `tbl_data_stimulasi`
--
ALTER TABLE `tbl_data_stimulasi`
  ADD PRIMARY KEY (`id_stimulasi`),
  ADD KEY `id_usia` (`id_usia`),
  ADD KEY `id_pengetahuan` (`id_pengetahuan`);

--
-- Indeks untuk tabel `tbl_data_user`
--
ALTER TABLE `tbl_data_user`
  ADD PRIMARY KEY (`id_user`),
  ADD KEY `id_usia` (`id_usia`);

--
-- Indeks untuk tabel `tbl_data_usia`
--
ALTER TABLE `tbl_data_usia`
  ADD PRIMARY KEY (`id_usia`);

--
-- AUTO_INCREMENT untuk tabel yang dibuang
--

--
-- AUTO_INCREMENT untuk tabel `tbl_admin`
--
ALTER TABLE `tbl_admin`
  MODIFY `id_admin` int(11) NOT NULL AUTO_INCREMENT, AUTO_INCREMENT=2;

--
-- AUTO_INCREMENT untuk tabel `tbl_data_konsultasi`
--
ALTER TABLE `tbl_data_konsultasi`
  MODIFY `id_konsultasi` int(11) NOT NULL AUTO_INCREMENT, AUTO_INCREMENT=902;
COMMIT;

/*!40101 SET CHARACTER_SET_CLIENT=@OLD_CHARACTER_SET_CLIENT */;
/*!40101 SET CHARACTER_SET_RESULTS=@OLD_CHARACTER_SET_RESULTS */;
/*!40101 SET COLLATION_CONNECTION=@OLD_COLLATION_CONNECTION */;
